original_combo_id,solver_case_id,field_kV_per_cm,tunneling_barrier_nm,well1_nm,well2_nm,original_r_e_hh_nm,normalized_r_e_hh_nm,original_hh_relative_weight,forced_hh_relative_weight,original_reported_chi2_1550,raw_chi2_1550_at_hh_weight_1,normalized_chi2_1550_at_r_0p751,original_peak_wavelength_nm,recomputed_unweighted_peak_wavelength_nm,recomputed_unweighted_peak_chi2_pm_per_V,chi_e_real,chi_e_imag,chi_e_abs,chi_hh_real,chi_hh_imag,chi_hh_abs,cancellation_factor,spectral_window_pass,desired_peak_ratio,source_solver_gate_passed,source_combinations_sha256,unweighted_amplitude_rank
Combo_14,Solve_14,3.777444,1.726138,7.049757,2.905859,0.909992,0.751,1.295469,1.0,1725.3211526870148,85.28000910401536,104.73639846329884,1663.0,1519.0,182.51298259968144,5732.648131512762,-4925.99457299571,7558.351482494047,-5627.99969258652,4930.286122059095,7482.118803194886,143.60308838535568,False,3.390553579980958,True,0f321c7dfe08d51061ad2300080823236533f337e9586227e250956f69229ae5,1
Combo_07,Solve_07,0.582619,1.740274,7.034685,2.88371,0.767897,0.751,0.68318,1.0,1954.4741280010403,109.20156871889537,104.44864478577355,1662.0,1518.0,183.39192234460654,3238.1554256483187,-4778.15903363224,5772.0407406165305,-3133.7078049621505,4778.62155993747,5714.485857886072,109.97295964980415,False,3.212581996683781,True,0f321c7dfe08d51061ad2300080823236533f337e9586227e250956f69229ae5,2
Combo_00,Solve_00,0.0,1.8,7.1,2.9,0.751,0.751,1.0,1.0,84.91053828525659,84.91053828525659,84.91053828525659,1520.0,1520.0,146.0814424756297,2918.533250443399,-4772.367365883146,5594.043851176905,-2833.6232818745902,4772.678411757451,5550.484674840328,131.25023997112393,True,3.2440401391555835,True,0f321c7dfe08d51061ad2300080823236533f337e9586227e250956f69229ae5,3
Combo_01,Solve_01,4.57899,1.705461,7.167789,2.952,0.852516,0.751,1.158009,1.0,1624.1285009265855,96.8029485519825,71.63338668057827,1520.0,1522.0,119.82869116122315,6209.106757548776,-4989.557685502085,7965.468763581387,-6137.780200384287,4996.180700705915,7914.175091715853,221.67936755672946,True,3.580719900205219,True,0f321c7dfe08d51061ad2300080823236533f337e9586227e250956f69229ae5,4
Combo_18,Solve_16,20.0,1.7,7.2,3.0,1.0,0.751,0.75,1.0,3863.335023515954,140.0958752950545,69.99644213146804,1524.0,1525.0,102.95545848651551,6269.821660227991,-4973.946079584749,8003.174573485235,-6333.9170055050645,5002.07593249721,8070.890178108861,229.64116835258025,True,1.543795650407168,True,0f321c7dfe08d51061ad2300080823236533f337e9586227e250956f69229ae5,5
Combo_06,Solve_06,16.317429,1.820115,7.121634,2.82338,0.832779,0.751,0.664592,1.0,3208.235854373299,76.57414814517472,58.60309443462852,1511.0,1512.0,97.59232873109359,5700.385280982113,-4871.772517113624,7498.570517781448,-5754.677009069447,4893.8344965942815,7554.1990679865385,256.8596373790343,False,1.444986277357261,True,0f321c7dfe08d51061ad2300080823236533f337e9586227e250956f69229ae5,6
Combo_05,Solve_05,19.653938,1.870783,7.021582,2.867634,0.796366,0.751,1.06746,1.0,350.11987687362307,35.20807628660261,57.04715791457802,1515.0,1515.0,90.61643087144095,5846.5886616086045,-4875.003004796383,7612.3750088145325,-5898.051816562437,4899.618485866811,7667.677388747081,267.8494942805362,False,1.4228363637819663,True,0f321c7dfe08d51061ad2300080823236533f337e9586227e250956f69229ae5,7
Combo_09,Solve_09,-2.03342,1.781699,7.136079,2.801561,0.962101,0.751,1.383247,1.0,1719.5284874957204,49.43359428414519,57.00990765042353,1664.0,1517.0,103.26718542033566,2594.119686560229,-4748.719137587269,5411.080335375452,-2537.119553267904,4749.774777188162,5384.917460981847,189.37055401943098,False,3.238971807981075,True,0f321c7dfe08d51061ad2300080823236533f337e9586227e250956f69229ae5,8
Combo_02,Solve_02,12.932406,1.774727,7.189786,2.908121,0.714726,0.751,0.559829,1.0,3458.797949904566,56.45490086721415,54.810695518141806,1517.0,1518.0,86.45801157782655,6041.023225741754,-4933.847000754595,7799.795371726518,-6092.143118125296,4953.61993543505,7851.914303942763,285.55940638426523,False,1.6664390883861722,True,0f321c7dfe08d51061ad2300080823236533f337e9586227e250956f69229ae5,9
Combo_11,Solve_11,-6.334734,1.729391,7.056995,2.83542,0.749842,0.751,0.908619,1.0,552.484190507176,55.21718726529429,49.0215146028717,1663.0,1519.0,86.36960817382447,2516.046558599139,-4749.480759328497,5374.761182440589,-2467.0285063274514,4750.06337880092,5352.5070531161255,218.8277600653389,False,3.329485641705986,True,0f321c7dfe08d51061ad2300080823236533f337e9586227e250956f69229ae5,10
Combo_03,Solve_03,11.496125,1.757685,7.086018,2.921867,0.670296,0.751,1.249622,1.0,1817.2524254868433,43.405951877330196,48.04283972836065,1518.0,1519.0,74.02367108342193,6173.76165892855,-4948.620808769118,7912.280387488738,-6218.4898983923895,4966.156459416596,7958.161005899125,330.33936967758433,False,1.6648975213383963,True,0f321c7dfe08d51061ad2300080823236533f337e9586227e250956f69229ae5,11
Combo_12,Solve_12,-9.518561,1.840218,7.00962,2.965709,0.873306,0.751,1.443178,1.0,3291.082660473733,61.319920845582224,41.89603179086371,1662.0,1528.0,65.60709839667786,2396.7684900046083,-4760.881838124012,5330.149629349821,-2354.8857759819043,4759.825549378708,5310.501509127007,253.9775411569465,True,2.942787992055897,True,0f321c7dfe08d51061ad2300080823236533f337e9586227e250956f69229ae5,12
Combo_04,Solve_04,8.563815,1.885031,7.116798,2.991329,0.902864,0.751,1.115485,1.0,790.5111503756204,30.371853759134694,37.79172489912861,1522.0,1523.0,55.445058639431146,6500.177936876127,-5014.139553633412,8209.379311151499,-6535.017922668769,5028.781611576883,8245.914366917463,435.42055098015345,True,1.6234283999793548,True,0f321c7dfe08d51061ad2300080823236533f337e9586227e250956f69229ae5,13
Combo_13,Solve_13,-9.160953,1.8921,7.068565,2.939511,0.696202,0.751,0.92931,1.0,337.0467132301508,32.42648540407728,37.73194740650822,1663.0,1527.0,59.87043966386939,2337.3029026602,-4758.850624001157,5301.852895011328,-2299.58067459187,4757.994256878714,5284.560589817021,280.5689664192192,True,2.9121023183205805,True,0f321c7dfe08d51061ad2300080823236533f337e9586227e250956f69229ae5,14
Combo_15,Solve_15,-16.996749,1.807262,7.147311,2.841983,0.735996,0.751,0.983167,1.0,57.15219895728697,18.894846718447923,36.23651268112052,1665.0,1528.0,57.173703427582055,2319.5211846751035,-4774.859867128793,5308.433410797746,-2283.340146662278,4772.8555369156065,5290.916007802966,292.5046764812732,True,2.3814002999130355,True,0f321c7dfe08d51061ad2300080823236533f337e9586227e250956f69229ae5,15
Combo_10,Solve_10,-13.48485,1.850312,7.175821,2.976328,0.989704,0.751,0.796893,1.0,999.8690030916541,33.90177458204733,35.51735250103564,1665.0,1532.0,52.061744805658556,2283.78697152836,-4776.142282695918,5294.073860070187,-2248.3389942960594,4773.923445428087,5276.87154439827,297.6276287530221,True,2.448621568846169,True,0f321c7dfe08d51061ad2300080823236533f337e9586227e250956f69229ae5,16
Combo_08,Solve_08,-18.418271,1.805476,7.096001,2.858181,0.941406,0.751,0.765384,1.0,1974.2044615122948,53.65856687847029,34.14798008179903,1664.0,1528.0,53.58599515457679,2304.016867954411,-4772.148717189131,5299.235520977372,-2269.942153807401,4769.913007130443,5282.490650935784,309.8785388349587,True,2.2527690358186963,True,0f321c7dfe08d51061ad2300080823236533f337e9586227e250956f69229ae5,17
