case_id,band,state,energy_eV,centroid_nm,left_well_probability,central_barrier_probability,right_well_probability,outside_active_probability,localization_left_minus_right,node_count,character,normalization_check
Case_00,electron,1,2.937529942754,63.611084677645174,0.9561328998187366,0.0205618772043358,0.005024406564765963,0.018280816412161623,0.9511084932539706,0,left_localized,1.0
Case_00,electron,2,3.045004118842,69.73630020171771,0.07202537130978019,0.09513564433086742,0.7393671820173672,0.09347180234198527,-0.667341810707587,2,right_localized,1.0000000000000002
Case_00,electron,3,3.112343906882,64.04022300841407,0.7954321828158184,0.041645345419575444,0.0733184439433425,0.08960402782126367,0.7221137388724759,2,left_localized,1.0
Case_00,electron,4,3.326074995444,51.35740850481099,0.006703358592755173,0.0018776172593810887,0.0005708796993197782,0.990848144448544,0.0061324788934353945,4,delocalized_bonding_or_antibonding,0.9999999999999999
Case_00,electron,5,3.326308926831,81.3889828656036,0.00012035954003716371,4.704869779563971e-05,0.00018301893758091751,0.9996495728245863,-6.26593975437538e-05,4,delocalized_bonding_or_antibonding,1.0
Case_00,electron,6,3.330878872798,51.60122179424695,0.030674828368736584,0.008516664798302973,0.0025597643159752134,0.9582487425169852,0.02811506405276137,6,delocalized_bonding_or_antibonding,1.0
Case_00,heavy_hole,1,1.448525453986,63.551022883912644,0.9947830554957122,0.0025979481384972485,5.805301165928168e-05,0.002560943354131249,0.9947250024840529,2,left_localized,0.9999999999999999
Case_00,heavy_hole,2,1.415482054683,63.87041435600455,0.932004329823016,0.01328186935456198,0.04337468818651518,0.011339112635906888,0.8886296416365008,2,left_localized,1.0000000000000002
Case_00,heavy_hole,3,1.41250217051,70.02564708251894,0.04679101253846724,0.019295994030497133,0.908963988204098,0.02494900522693766,-0.8621729756656307,2,right_localized,1.0000000000000002
Case_00,heavy_hole,4,1.361021037279,63.55995340431154,0.9448223058341064,0.026998671650026167,0.0011933987882686444,0.026985623727598766,0.9436289070458378,4,left_localized,1.0
Case_00,heavy_hole,5,1.289979920618,65.35039620190383,0.6426742564374425,0.0935311604064028,0.19302168589976423,0.0707728972563905,0.44965257053767826,4,left_localized,1.0
Case_00,heavy_hole,6,1.280537159303,68.50278199558929,0.2503285151779168,0.06155700667142723,0.5757730923302367,0.11234138582041919,-0.32544457715231984,6,right_localized,0.9999999999999999
Case_01,electron,1,2.941955968222,63.58005182051522,0.9545548996309507,0.020096277135658782,0.005609686418369799,0.01973913681502067,0.948945213212581,0,left_localized,1.0
Case_01,electron,2,3.050185058851,69.57652626885482,0.07641915764260358,0.09538430579134892,0.7294646304657703,0.09873190610027727,-0.6530454728231667,2,right_localized,0.9999999999999998
Case_01,electron,3,3.11980836225,64.02436221709692,0.7893708250052824,0.038523396608323573,0.07641315458761087,0.09569262379878311,0.7129576704176716,4,left_localized,1.0000000000000002
Case_01,electron,4,3.328473747352,38.869037415691565,0.0024272908119343933,0.0005418960067165737,0.0001385986926956821,0.9968922144886533,0.002288692119238711,4,delocalized_bonding_or_antibonding,0.9999999999999999
Case_01,electron,5,3.331589428591,90.34281424182491,0.0013450751313915299,0.0007202640610418745,0.0005358425933594965,0.9973988182142072,0.0008092325380320333,4,delocalized_bonding_or_antibonding,0.9999999999999998
Case_01,electron,6,3.333680164663,42.1214231900928,0.01537791780727036,0.0035304997560725434,0.0009275336631356606,0.9801640487735214,0.014450384144134699,6,delocalized_bonding_or_antibonding,1.0
Case_01,heavy_hole,1,1.452033590461,63.52375535027883,0.9946230062048729,0.0024626355773373354,7.360808501943719e-05,0.002840750132770355,0.9945493981198534,2,left_localized,1.0
Case_01,heavy_hole,2,1.418496274589,64.08864963144303,0.8934703020250131,0.013991160644188105,0.07933770151798676,0.013200835812812034,0.8141326005070263,2,left_localized,0.9999999999999999
Case_01,heavy_hole,3,1.415983428918,69.64052959782661,0.08480375753255441,0.018354550623798916,0.8698564462095052,0.026985245634141508,-0.7850526886769508,2,right_localized,1.0000000000000002
Case_01,heavy_hole,4,1.363062604867,63.525985245732215,0.942964571765613,0.025800100547877538,0.0014225675614970715,0.0298127601250124,0.9415420042041159,4,left_localized,0.9999999999999999
Case_01,heavy_hole,5,1.291625889725,65.79372395821683,0.5729097477277436,0.09939603333523224,0.2458256107633024,0.08186860817372177,0.3270841369644412,4,left_localized,0.9999999999999998
Case_01,heavy_hole,6,1.282038016152,67.88958330431025,0.317408178631257,0.05435180881140511,0.5114753690534345,0.11676464350390336,-0.19406719042217752,6,delocalized_bonding_or_antibonding,1.0
Case_02,electron,1,3.063569373146,63.57562671369024,0.9578888203714455,0.01814973376880606,0.00458645563556293,0.01937499022418549,0.9533023647358826,0,left_localized,1.0
Case_02,electron,2,3.178530448315,69.49469646332224,0.10617965187446585,0.09601097353586888,0.7127681838992985,0.08504119069036675,-0.6065885320248326,2,right_localized,1.0
Case_02,electron,3,3.236949616878,64.37459417042973,0.7654102814873065,0.0335368005023718,0.10970830318745413,0.09134461482286758,0.6557019782998523,4,left_localized,1.0000000000000002
Case_02,electron,4,3.386821630402,26.885818348311435,2.3621597013667947e-09,3.4133981668068385e-10,9.869946818223795e-11,0.999999997197801,2.263460233184557e-09,4,delocalized_bonding_or_antibonding,0.9999999999999998
Case_02,electron,5,3.40616884271,33.33134625003547,2.7958113385892315e-06,4.4734185608371157e-07,1.223628998085853e-07,0.9999966344839055,2.673448438780646e-06,6,delocalized_bonding_or_antibonding,0.9999999999999999
Case_02,electron,6,3.422030371368,38.536156511517255,0.0003119262777206735,5.401429605898498e-05,1.4553716443102059e-05,0.9996195057097772,0.00029737256127757147,6,delocalized_bonding_or_antibonding,0.9999999999999998
Case_02,heavy_hole,1,1.57627394758,63.87660292105842,0.9943468593872881,0.003698316569423605,0.0003230133248183093,0.001631810718470023,0.9940238460624697,0,left_localized,1.0000000000000002
Case_02,heavy_hole,2,1.555749090565,70.38933289610016,0.003881432037725013,0.01951903227394652,0.9519601496493751,0.024639386038953326,-0.9480787176116501,2,right_localized,1.0
Case_02,heavy_hole,3,1.543492738201,63.5533661729465,0.9758805074993093,0.011061064514438498,0.0037539225067389622,0.009304505479513215,0.9721265849925703,2,left_localized,1.0
Case_02,heavy_hole,4,1.490539978732,63.58169419198585,0.9455766023782053,0.028235925250927052,0.001955580125084764,0.024231892245782895,0.9436210222531205,4,left_localized,1.0
Case_02,heavy_hole,5,1.432602587127,69.7754592492156,0.07910827333709072,0.10316053216989637,0.7093957146705943,0.10833547982241865,-0.6302874413335036,6,right_localized,1.0
Case_02,heavy_hole,6,1.417140273897,64.18035162816099,0.8203087357736797,0.0386642950747357,0.07877868853641092,0.06224828061517369,0.7415300472372688,6,left_localized,0.9999999999999998
Case_03,electron,1,2.965738039135,63.63869373314017,0.9550612483587735,0.019955628220222885,0.005752807640784801,0.019230315780218832,0.9493084407179887,0,left_localized,1.0
Case_03,electron,2,3.073639313307,69.6084807563156,0.08717922347360307,0.09396161819228656,0.7287140340185414,0.09014512431556898,-0.6415348105449383,2,right_localized,1.0
Case_03,electron,3,3.139309980566,64.189790093937,0.7827499388911021,0.036803417627049285,0.08835401430691942,0.09209262917492919,0.6943959245841826,4,left_localized,1.0
Case_03,electron,4,3.342477646305,32.30133629592737,0.00011912784314302907,2.3876042283912584e-05,6.4348991257735386e-06,0.9998505612154472,0.00011269294401725553,4,delocalized_bonding_or_antibonding,1.0
Case_03,electron,5,3.350076477428,41.01992030200124,0.006805459898201963,0.0014343943354432598,0.0003994867798193887,0.9913606589865355,0.006405973118382574,4,delocalized_bonding_or_antibonding,1.0000000000000002
Case_03,electron,6,3.358185432761,44.56796046567777,0.050981838203661076,0.011531768180323672,0.003409425446669934,0.9340769681693454,0.047572412756991145,6,delocalized_bonding_or_antibonding,0.9999999999999999
Case_03,heavy_hole,1,1.477861053049,63.65155833467243,0.9945651933510324,0.0027808864695503975,0.0001093351388090135,0.0025445850406081495,0.9944558582122234,0,left_localized,1.0000000000000002
Case_03,heavy_hole,2,1.44645030455,68.52255719744336,0.26310156309635213,0.02257418772107309,0.6934686471849806,0.020855601997594175,-0.43036708408862845,2,right_localized,0.9999999999999999
Case_03,heavy_hole,3,1.444815895949,65.3978452316258,0.7154040772128412,0.008930582618969061,0.260521988556797,0.015143351611392797,0.4548820886560442,2,left_localized,1.0
Case_03,heavy_hole,4,1.391895160295,63.59308125929624,0.9437545905956481,0.026712426038220195,0.001609149849786421,0.027923833516345236,0.9421454407458617,4,left_localized,1.0
Case_03,heavy_hole,5,1.323752753777,66.78264697039528,0.4581302915594506,0.10403751524120664,0.3556483809500678,0.08218381224927496,0.10248191060938283,6,delocalized_bonding_or_antibonding,1.0
Case_03,heavy_hole,6,1.314725300398,67.10302128558052,0.43682385479893365,0.04299763371510275,0.42292396856438846,0.09725454292157515,0.013899886234545189,6,delocalized_bonding_or_antibonding,0.9999999999999998
Case_04,electron,1,3.018727332664,63.59842147917418,0.9575317175581513,0.018609315277210842,0.004094947034453015,0.01976402013018489,0.9534367705236982,0,left_localized,1.0
Case_04,electron,2,3.134655403248,69.55332786355468,0.10142495541499372,0.0998691270456372,0.7042939615155195,0.09441195602384955,-0.6028690061005257,2,right_localized,0.9999999999999998
Case_04,electron,3,3.191618842326,64.34554716796892,0.7666639382765985,0.03532675586462394,0.10419312495299286,0.09381618090578468,0.6624708133236057,4,left_localized,1.0
Case_04,electron,4,3.367389245485,28.23442881135357,1.72083815484182e-07,2.9153897210947287e-08,6.707384661196772e-09,0.9999997920549026,1.6537643082298521e-07,4,delocalized_bonding_or_antibonding,0.9999999999999999
Case_04,electron,5,3.381863307322,35.664544199311784,8.822131328053843e-05,1.603777736176287e-05,3.6369523229544114e-06,0.9998921039570347,8.458436095758401e-05,6,delocalized_bonding_or_antibonding,1.0
Case_04,electron,6,3.393913661143,41.151103998981505,0.003916952030802908,0.0007563559808305565,0.00017270199898447052,0.9951539899893821,0.003744250031818438,6,delocalized_bonding_or_antibonding,1.0
Case_04,heavy_hole,1,1.531156187567,63.77831087761389,0.9944386167005321,0.0032221457169718144,0.00013158203157879014,0.0022076555509172656,0.9943070346689533,0,left_localized,1.0000000000000002
Case_04,heavy_hole,2,1.503787446159,70.32310044751804,0.015362398466512966,0.02203204012057333,0.9344995664091247,0.028105995003788964,-0.9191371679426117,2,right_localized,1.0
Case_04,heavy_hole,3,1.498524831024,63.65951833448392,0.9632196413524357,0.010149486059494058,0.015622009817726339,0.011008862770343951,0.9475976315347093,2,left_localized,1.0
Case_04,heavy_hole,4,1.445547279417,63.58696086961638,0.9444992125981819,0.027223657266636832,0.0012953370033182859,0.026981793131862955,0.9432038755948636,4,left_localized,1.0
Case_04,heavy_hole,5,1.37801713472,67.21792554124978,0.4077641473343313,0.1085649973774597,0.391747855517378,0.09192299977083096,0.0160162918169533,6,delocalized_bonding_or_antibonding,1.0
Case_04,heavy_hole,6,1.36955803617,66.76134017122531,0.48753184615138256,0.043300189961573435,0.369697460301463,0.09947050358558102,0.11783438584991957,6,delocalized_bonding_or_antibonding,1.0
Case_05,electron,1,2.988867693648,63.54914093166865,0.9567694255839595,0.018889385974531075,0.004205695069933837,0.020135493371575587,0.9525637305140257,0,left_localized,1.0
Case_05,electron,2,3.102130778105,69.64995844618358,0.07828742804242843,0.09794064279201416,0.7298532300635518,0.09391869910200557,-0.6515658020211235,2,right_localized,1.0
Case_05,electron,3,3.165314892029,64.08218308519486,0.7855559837868074,0.03857342337831262,0.08125630325887616,0.09461428957600386,0.7042996805279312,4,left_localized,0.9999999999999999
Case_05,electron,4,3.353066291956,29.964548569522897,4.65796373289058e-06,8.787808215797491e-07,1.9291484182685322e-07,0.9999942703406036,4.4650488910637266e-06,4,delocalized_bonding_or_antibonding,1.0
Case_05,electron,5,3.363643196446,38.33589818764797,0.0007520444092273307,0.0001505918487473818,3.346670755255681e-05,0.9990638970344727,0.0007185777016747739,4,delocalized_bonding_or_antibonding,0.9999999999999999
Case_05,electron,6,3.373338657465,42.45497096554103,0.010792370850643287,0.0022955088221753837,0.0005242104780416519,0.9863879098491397,0.010268160372601635,6,delocalized_bonding_or_antibonding,1.0
Case_05,heavy_hole,1,1.499235401868,63.63177104445691,0.9946199928033461,0.0027909926634664324,8.365977070802886e-05,0.0025053547624794186,0.9945363330326381,0,left_localized,1.0000000000000002
Case_05,heavy_hole,2,1.468462893,70.01577579317097,0.04422216515969703,0.023020950017925097,0.907143036971428,0.02561384785094989,-0.8629208718117309,2,right_localized,1.0
Case_05,heavy_hole,3,1.465509419604,63.80993905867744,0.9341418214501885,0.009126197146479744,0.04446932496386687,0.012262656439464843,0.8896724964863216,2,left_localized,0.9999999999999998
Case_05,heavy_hole,4,1.410767905172,63.52474544915478,0.9437446887619221,0.026240792104711985,0.0011617514396380577,0.02885276769372788,0.942582937322284,4,left_localized,1.0000000000000002
Case_05,heavy_hole,5,1.341178400406,67.31751961922807,0.3818247752692589,0.11127587108609287,0.4139044184007679,0.0929949352438803,-0.03207964313150902,6,delocalized_bonding_or_antibonding,1.0
Case_05,heavy_hole,6,1.332832485539,66.49333579062254,0.5085551663863541,0.04318626246410092,0.3507208515694939,0.09753771958005109,0.15783431481686022,6,delocalized_bonding_or_antibonding,1.0
Case_06,electron,1,2.994067792156,63.56631438322337,0.9554482100076153,0.01908205730091879,0.005368856812188174,0.020100875879277773,0.9500793531954271,0,left_localized,1.0
Case_06,electron,2,3.103939845389,69.5695117489476,0.08250824582777255,0.09387631527882556,0.7332523884308653,0.09036305046253656,-0.6507441426030927,2,right_localized,1.0000000000000002
Case_06,electron,3,3.17073686279,64.10412933868093,0.784390479073815,0.03646463208834289,0.0843727001117469,0.09477218872609523,0.7000177789620681,4,left_localized,1.0
Case_06,electron,4,3.355635645203,29.573075420681448,2.4759472074790472e-06,4.479016059919918e-07,1.1723289164207197e-07,0.9999969589182949,2.358714315836975e-06,4,delocalized_bonding_or_antibonding,1.0000000000000002
Case_06,electron,5,3.366927644147,37.790581187612894,0.0005091952769703727,9.824449842276511e-05,2.613477042538409e-05,0.9993664254541815,0.00048306050654498857,4,delocalized_bonding_or_antibonding,1.0
Case_06,electron,6,3.376978492671,42.31192693504636,0.008985117405010153,0.0018459758000396137,0.0005067930104840256,0.9886621137844661,0.008478324394526128,6,delocalized_bonding_or_antibonding,1.0000000000000002
Case_06,heavy_hole,1,1.504782454624,63.65241578132006,0.9945670065619421,0.0028411566949261375,0.00013596398580146489,0.002455872757330318,0.9944310425761406,2,left_localized,0.9999999999999999
Case_06,heavy_hole,2,1.476115033497,70.12950911745736,0.021057954005654807,0.021660881054926952,0.9326116920940989,0.024669472845319396,-0.9115537380884441,2,right_localized,0.9999999999999998
Case_06,heavy_hole,3,1.471204476331,63.650789576698834,0.9575301969147667,0.009282778811417884,0.021454974587031727,0.011732049686783683,0.936075222327735,2,left_localized,0.9999999999999999
Case_06,heavy_hole,4,1.416656263121,63.535794637134515,0.9434265603170453,0.02631355319064693,0.0016508094292006276,0.02860907706310714,0.9417757508878447,4,left_localized,1.0
Case_06,heavy_hole,5,1.351235739045,68.81763023910044,0.18455032175500957,0.11154144834289023,0.6008130934217641,0.10309513648033608,-0.41626277166675457,6,right_localized,1.0
Case_06,heavy_hole,6,1.340272344294,64.94448806211149,0.7079151032782285,0.03432891577295219,0.1782808940457824,0.07947508690303695,0.5296342092324461,6,left_localized,1.0
Case_07,electron,1,2.945474943617,63.60620208958547,0.9561816627668163,0.019521720720119668,0.0049250566280886355,0.01937155988497543,0.9512566061387276,0,left_localized,0.9999999999999999
Case_07,electron,2,3.052458556878,69.76166868434476,0.07034753477972536,0.09752345302527254,0.7353775298755812,0.09675148231942088,-0.6650299950958559,2,right_localized,0.9999999999999999
Case_07,electron,3,3.120125850434,64.03004682967028,0.7968067680912592,0.03955675774767546,0.07122204993755074,0.09241442422351462,0.7255847181537084,4,left_localized,1.0
Case_07,electron,4,3.330998661586,37.450630626327516,0.002055994253019311,0.00046147468912749175,0.00011350112555470769,0.9973690299322985,0.0019424931274646033,4,delocalized_bonding_or_antibonding,1.0000000000000002
Case_07,electron,5,3.336228514238,43.56854397289507,0.02130214356585941,0.005259172511146978,0.0014106626755720126,0.9720280212474217,0.0198914808902874,4,delocalized_bonding_or_antibonding,1.0
Case_07,electron,6,3.33765658161,87.8105223923413,0.0005500541741011543,0.0005256099092653638,0.0006053883788162626,0.9983189475378172,-5.5334204715108345e-05,6,delocalized_bonding_or_antibonding,1.0
Case_07,heavy_hole,1,1.456475752725,63.56776413616694,0.9947758083151079,0.002425296267088661,6.21605234794308e-05,0.002736734894323985,0.9947136477916285,0,left_localized,1.0
Case_07,heavy_hole,2,1.4235500798,64.52083544239362,0.8379652799785514,0.015061261993828214,0.13328838053793196,0.013685077489688419,0.7046768994406194,2,left_localized,1.0
Case_07,heavy_hole,3,1.421770119619,69.3858033975301,0.14080698356942586,0.018099876178387382,0.8157637168732823,0.025329423378904425,-0.6749567333038564,2,right_localized,1.0000000000000002
Case_07,heavy_hole,4,1.36898495538,63.558393530911005,0.9447762052629781,0.025151679044559495,0.0011829689101752823,0.028889146782287104,0.9435932363528028,4,left_localized,1.0
Case_07,heavy_hole,5,1.298806137179,66.26793417544488,0.5233529602410438,0.10247486387579337,0.2911886250131759,0.08298355086998693,0.23216433522786795,6,delocalized_bonding_or_antibonding,1.0
Case_07,heavy_hole,6,1.290406776936,67.60179632004787,0.3693592962646134,0.053490264451277685,0.4690279796076722,0.10812245967643674,-0.09966868334305878,6,delocalized_bonding_or_antibonding,1.0
Case_08,electron,1,3.033276040113,63.53617691187113,0.956927180920283,0.018267856262828733,0.0042632125642786105,0.02054175025260971,0.9526639683560043,0,left_localized,0.9999999999999999
Case_08,electron,2,3.147070448715,69.60797916520434,0.08460772149034285,0.09956161366343295,0.722526628368957,0.09330403647726715,-0.6379189068786142,2,right_localized,1.0
Case_08,electron,3,3.20925528409,64.14841799003607,0.7804524092218187,0.03661808728622096,0.08750527267136421,0.09542423082059615,0.6929471365504545,4,left_localized,1.0
Case_08,electron,4,3.373276123525,27.745927994048746,3.767315799470337e-08,6.09493125093642e-09,1.4815687940721939e-09,0.999999954750342,3.619158920063118e-08,4,delocalized_bonding_or_antibonding,0.9999999999999999
Case_08,electron,5,3.389275939727,34.8250150310166,2.4057414677898692e-05,4.244129104919192e-06,1.010224863233135e-06,0.9999706882313539,2.3047189814665557e-05,6,delocalized_bonding_or_antibonding,1.0
Case_08,electron,6,3.402500929705,40.226786760297244,0.0013260075345770729,0.0002512806918554274,6.009459111085824e-05,0.9983626171824566,0.0012659129434662146,6,delocalized_bonding_or_antibonding,1.0
Case_08,heavy_hole,1,1.544168683453,63.73805195888981,0.9944505379892015,0.003160589032093202,0.00016602629116386404,0.002222846687541468,0.9942845116980376,0,left_localized,1.0
Case_08,heavy_hole,2,1.519666976162,70.31014168504018,0.005322693046321075,0.02242241613304187,0.9447408636396112,0.027514027181025913,-0.9394181705932901,2,right_localized,0.9999999999999999
Case_08,heavy_hole,3,1.510612236149,63.526078366754696,0.9733029379234264,0.010193458606456202,0.005415962050450172,0.011087641419667258,0.9678869758729762,2,left_localized,1.0
Case_08,heavy_hole,4,1.456155266054,63.52971956725554,0.943698727261838,0.026838755138266043,0.0014815476351266686,0.027980969964769276,0.9422171796267114,4,left_localized,1.0
Case_08,heavy_hole,5,1.394243280207,69.5699881083887,0.09615662578853724,0.11449833967649081,0.6720522130083503,0.11729282152662168,-0.575895587219813,6,right_localized,0.9999999999999999
Case_08,heavy_hole,6,1.380828024784,64.27103504233288,0.795919989706058,0.03803609117182599,0.09423583297936605,0.07180808614274992,0.701684156726692,6,left_localized,1.0000000000000002
Case_09,electron,1,2.9619141612,63.57589023251718,0.9551371686742587,0.019710883394892062,0.005301040457675194,0.01985090747317406,0.9498361282165835,0,left_localized,1.0
Case_09,electron,2,3.071043065881,69.58814064252891,0.07840176851364922,0.09907556638350155,0.7252731367918297,0.09724952831101952,-0.6468713682781805,2,right_localized,1.0
Case_09,electron,3,3.139059371585,64.05705815113167,0.7877825779425489,0.037946329995322894,0.07888242624530545,0.09538866581682276,0.7089001516972435,4,left_localized,0.9999999999999998
Case_09,electron,4,3.339796774115,33.16037675980469,0.00015887014252983548,3.233817945246197e-05,7.895478622144144e-06,0.9998008961993956,0.00015097466390769134,4,delocalized_bonding_or_antibonding,1.0
Case_09,electron,5,3.346803481502,41.10288644150725,0.005389130437337106,0.0011548990461844868,0.0002895858234459777,0.9931663846930324,0.005099544613891129,4,delocalized_bonding_or_antibonding,0.9999999999999999
Case_09,electron,6,3.355229484504,43.39463455491108,0.03133538250675007,0.007385812610168474,0.0019867667303631966,0.9592920381527182,0.02934861577638687,6,delocalized_bonding_or_antibonding,1.0
Case_09,heavy_hole,1,1.472279717798,63.57513718640599,0.9946340528166341,0.002596999267658684,8.718774501530538e-05,0.0026817601706919264,0.9945468650716188,2,left_localized,0.9999999999999999
Case_09,heavy_hole,2,1.43959462642,67.75911958564318,0.36106994692212535,0.023445517602604965,0.5937948105240176,0.0216897249512521,-0.23272486360189226,2,delocalized_bonding_or_antibonding,0.9999999999999999
Case_09,heavy_hole,3,1.438156312155,66.00439491852308,0.6173492138880649,0.010363140272161273,0.35419865270464784,0.01808899313512602,0.263150561183417,2,left_localized,1.0
Case_09,heavy_hole,4,1.383748310897,63.531640893733126,0.9433508631176228,0.025939425133494745,0.001422613803244534,0.029287097945637882,0.9419282493143784,4,left_localized,1.0
Case_09,heavy_hole,5,1.31387937922,66.89562659746319,0.4314310183819,0.11137733113734062,0.36578088240867845,0.09141076807208093,0.06565013597322156,6,delocalized_bonding_or_antibonding,1.0
Case_09,heavy_hole,6,1.304923519475,66.83379874417875,0.4598246270348594,0.04627722777757088,0.3895903263463578,0.10430781884121193,0.07023430068850156,6,delocalized_bonding_or_antibonding,1.0
Case_10,electron,1,3.019462765736,63.54790734711506,0.9582385213650249,0.01804904221730732,0.0034848307113783347,0.02022760570628949,0.9547536906536466,0,left_localized,1.0
Case_10,electron,2,3.137474442589,69.6017041612262,0.09125784468243839,0.10537145019009045,0.7095177150774189,0.09385299005005232,-0.6182598703949805,2,right_localized,1.0
Case_10,electron,3,3.194531219327,64.22552020556901,0.7739536667667641,0.03659077919092207,0.09487342237681881,0.09458213166549498,0.6790802443899453,4,left_localized,1.0
Case_10,electron,4,3.367271738564,28.245131823917564,1.536979858531887e-07,2.594735431679095e-08,5.555086611739055e-09,0.9999998147995732,1.4814289924144966e-07,4,delocalized_bonding_or_antibonding,1.0000000000000002
Case_10,electron,5,3.381715699311,35.67842732984053,7.282063509470596e-05,1.324020885305184e-05,2.7732225635428848e-06,0.9999111659334886,7.004741253116308e-05,6,delocalized_bonding_or_antibonding,0.9999999999999999
Case_10,electron,6,3.393778331364,41.04273170813466,0.0029029677831732825,0.0005621951513931895,0.00011770142635124202,0.9964171356390822,0.0027852663568220404,6,delocalized_bonding_or_antibonding,0.9999999999999999
Case_10,heavy_hole,1,1.530581632041,63.724193779964125,0.9946309650611829,0.003001246580278528,9.704532979264094e-05,0.002270743028745961,0.9945339197313903,0,left_localized,0.9999999999999998
Case_10,heavy_hole,2,1.502326627868,70.29908582647502,0.013522778869590853,0.024627190974224084,0.934759532209377,0.027090497946808068,-0.9212367533397862,2,right_localized,0.9999999999999999
Case_10,heavy_hole,3,1.497250135818,63.603640221147046,0.9652658319344798,0.009714937587177308,0.013766918163651087,0.011252312314691816,0.9514989137708287,2,left_localized,1.0000000000000002
Case_10,heavy_hole,4,1.443113165543,63.54074331252187,0.9449819955977629,0.0261269401338046,0.0010537159985946477,0.027837348269837893,0.9439282795991683,4,left_localized,1.0
Case_10,heavy_hole,5,1.37394382405,67.14543513406502,0.4115568765528104,0.11396195721903138,0.38256862435450917,0.09191254187364911,0.028988252198301256,6,delocalized_bonding_or_antibonding,1.0000000000000002
Case_10,heavy_hole,6,1.365864564026,66.75917823336127,0.4815220545002341,0.0485680374059895,0.36951534769569133,0.10039456039808509,0.11200670680454278,6,delocalized_bonding_or_antibonding,1.0
Case_11,electron,1,3.008483623351,63.59015113135067,0.9555962117002393,0.01942597782891612,0.0050705006623472226,0.019907309808497316,0.9505257110378921,0,left_localized,0.9999999999999999
Case_11,electron,2,3.118053419224,69.64455649781766,0.08389059621214913,0.096852874366834,0.7313586784662941,0.0878978509547228,-0.647468082254145,2,right_localized,0.9999999999999998
Case_11,electron,3,3.18261351722,64.16587158665364,0.7827023875787587,0.037839220154746604,0.08669626656661353,0.09276212569988121,0.6960061210121451,4,left_localized,1.0
Case_11,electron,4,3.362588708167,28.709601837461435,5.032342623161077e-07,9.066052482205354e-08,2.3182004839155346e-08,0.999999382923208,4.800522574769524e-07,4,delocalized_bonding_or_antibonding,0.9999999999999999
Case_11,electron,5,3.37578411513,36.45692029753761,0.00018596010725188678,3.5949548075655624e-05,9.321079946146541e-06,0.9997687692647264,0.00017663902730574024,6,delocalized_bonding_or_antibonding,0.9999999999999999
Case_11,electron,6,3.386949201183,41.74464526902154,0.005818370078742823,0.0011986057535673211,0.0003204609299039228,0.9926625632377859,0.0054979091488389,6,delocalized_bonding_or_antibonding,1.0
Case_11,heavy_hole,1,1.520227363098,63.724902171876636,0.9943339416305259,0.0031871327013932513,0.00015870544407774133,0.002320220224003099,0.9941752361864482,2,left_localized,0.9999999999999998
Case_11,heavy_hole,2,1.494054692932,70.30325951624982,0.010253401310903987,0.022221523369438376,0.9432751964011347,0.024249878918522927,-0.9330217950902306,2,right_localized,1.0
Case_11,heavy_hole,3,1.487225221115,63.603298465679195,0.9678838403806856,0.010416402459633916,0.010524595476885574,0.011175161682794865,0.9573592449038001,2,left_localized,0.9999999999999999
Case_11,heavy_hole,4,1.433575767979,63.56776585391252,0.9427435501146726,0.02788223114836529,0.001650763170336801,0.02772345556662532,0.9410927869443357,4,left_localized,1.0
Case_11,heavy_hole,5,1.371203962604,69.36791840423996,0.12515865384451827,0.11259192816201635,0.6580253264015229,0.10422409159194246,-0.5328666725570046,6,right_localized,0.9999999999999999
Case_11,heavy_hole,6,1.358924652882,64.52918640704476,0.7672187978265192,0.03759717286172822,0.12346903578551952,0.071714993526233,0.6437497620409998,6,left_localized,1.0000000000000002
Case_12,electron,1,2.97503113968,63.60725017774648,0.9572202786804781,0.018764717703559298,0.004560345322306298,0.019454658293656307,0.9526599333581718,0,left_localized,1.0000000000000002
Case_12,electron,2,3.087661173287,69.59707190119643,0.08980907003998831,0.10223053561069409,0.7145012104909773,0.0934591838583404,-0.624692140450989,2,right_localized,0.9999999999999999
Case_12,electron,3,3.149222698383,64.20898979934681,0.779941090461346,0.035490038347501265,0.09144229034916676,0.09312658084198602,0.6884988001121792,4,left_localized,1.0
Case_12,electron,4,3.346916761111,31.141111201289295,3.0656205631789814e-05,5.778184735159088e-06,1.3493388680844434e-06,0.999962216270765,2.930686676370537e-05,4,delocalized_bonding_or_antibonding,1.0
Case_12,electron,5,3.355755204614,39.84076339265924,0.0028764403364237674,0.000571350520761293,0.00013543528845636849,0.9964167738543586,0.002741005047967399,4,delocalized_bonding_or_antibonding,0.9999999999999999
Case_12,electron,6,3.364499432953,43.47292071473278,0.02877356154491164,0.006078030769805713,0.0014861123021193904,0.9636622953831633,0.02728744924279225,6,delocalized_bonding_or_antibonding,1.0
Case_12,heavy_hole,1,1.486695287436,63.6554456615935,0.994808061804436,0.002616670067046656,8.465548580935899e-05,0.0024906126427079456,0.9947234063186267,0,left_localized,1.0000000000000002
Case_12,heavy_hole,2,1.454657914637,67.57318124250409,0.40016191362494524,0.02294446275078788,0.5569387147828346,0.01995490884143225,-0.1567768011578894,2,delocalized_bonding_or_antibonding,1.0
Case_12,heavy_hole,3,1.453310411024,66.33952412066594,0.5790572741037978,0.010959316409971392,0.39223024433665976,0.017753165149571037,0.18682702976713805,2,delocalized_bonding_or_antibonding,1.0
Case_12,heavy_hole,4,1.400151878975,63.573943413952065,0.9457384082056262,0.025048279397174696,0.0012644167505700338,0.027948895646629113,0.9444739914550562,4,left_localized,1.0
Case_12,heavy_hole,5,1.330023937017,65.46834549502722,0.6316597079743357,0.09445516019165662,0.20024022278379336,0.07364490905021434,0.4314194851905423,4,left_localized,1.0
Case_12,heavy_hole,6,1.320404689651,68.4168052821592,0.2648257345007193,0.0643094139675614,0.5559864568303612,0.11487839470135819,-0.2911607223296419,6,right_localized,1.0
Case_13,electron,1,2.949241524025,63.635021571272596,0.9567460050210546,0.01978016214191955,0.004442722274919712,0.01903111056210618,0.9523032827461348,0,left_localized,1.0
Case_13,electron,2,3.058609751298,69.79387231463987,0.07609438854491103,0.09641422595993868,0.7342190973805157,0.09327228811463462,-0.6581247088356047,2,right_localized,1.0
Case_13,electron,3,3.121507390738,64.1268846040223,0.7908174771305629,0.04023057517116322,0.07852692216573733,0.09042502553253652,0.7122905549648256,4,left_localized,0.9999999999999999
Case_13,electron,4,3.333606232037,36.03822864249434,0.001565833219701663,0.00034716581670588264,7.975047773915164e-05,0.9980072504858533,0.0014860827419625115,4,delocalized_bonding_or_antibonding,1.0
Case_13,electron,5,3.339088764988,42.93121035911453,0.024655460805860542,0.005765348994755527,0.0013868078684723718,0.9681923823309115,0.02326865293738817,4,delocalized_bonding_or_antibonding,1.0
Case_13,electron,6,3.343891815692,85.53102373911621,0.009389943783841833,0.0036380302929342337,0.0017233517032428927,0.9852486742199811,0.007666592080598941,6,delocalized_bonding_or_antibonding,1.0
Case_13,heavy_hole,1,1.461226386823,63.61544268671413,0.9946681356576251,0.00262293989488192,5.670387472525926e-05,0.0026522205727676908,0.9946114317828999,0,left_localized,1.0
Case_13,heavy_hole,2,1.4287926435,64.01130528924334,0.9163632338952241,0.013451983443543373,0.058061357251080414,0.0121234254101521,0.8583018766441437,2,left_localized,0.9999999999999998
Case_13,heavy_hole,3,1.426334332624,70.01804284226009,0.06203154169292532,0.01880111076775615,0.8943329110912084,0.02483443644811012,-0.832301369398283,2,right_localized,1.0
Case_13,heavy_hole,4,1.375267511988,63.59312697049987,0.9444828827106594,0.026339055493586963,0.0010699908026743634,0.028108070993079284,0.943412891907985,4,left_localized,1.0
Case_13,heavy_hole,5,1.304905733913,64.95342094637844,0.7019268531186382,0.08593252933293866,0.14379273151628202,0.06834788603214109,0.5581341216023562,4,left_localized,1.0000000000000002
Case_13,heavy_hole,6,1.294950313215,69.04049055155306,0.19125326988599678,0.06816262609343812,0.6246614017593011,0.115922702261264,-0.4334081318733043,6,right_localized,1.0
Case_14,electron,1,3.062424685266,63.55724705315807,0.95814107874354,0.017304906697115475,0.0041377838292661,0.020416230730078384,0.9540032949142739,0,left_localized,0.9999999999999999
Case_14,electron,2,3.178633340345,69.5389908638928,0.10102216819490588,0.09667376269756507,0.7151189923590714,0.08718507674845766,-0.6140968241641656,2,right_localized,1.0
Case_14,electron,3,3.236272598792,64.328021336608,0.7681081546102216,0.032953273029909344,0.10511649007246318,0.09382208228740582,0.6629916645377585,4,left_localized,1.0
Case_14,electron,4,3.386191697581,26.919732560015035,2.622762525749072e-09,3.7277970091788405e-10,1.0364952751806198e-10,0.9999999969008082,2.5191129982310103e-09,4,delocalized_bonding_or_antibonding,0.9999999999999999
Case_14,electron,5,3.405387700542,33.39049823520225,2.985033913098309e-06,4.7060011062324813e-07,1.2344972601131884e-07,0.9999964209162503,2.86158418708699e-06,6,delocalized_bonding_or_antibonding,0.9999999999999999
Case_14,electron,6,3.42112821373,38.60688349039461,0.0003177543063108997,5.4300238936426734e-05,1.3988907854719002e-05,0.999613956546898,0.0003037653984561807,6,delocalized_bonding_or_antibonding,1.0
Case_14,heavy_hole,1,1.574663453025,63.85388773513198,0.9943827216023047,0.0033714121568576313,0.00025987698437829484,0.0019859892564593985,0.9941228446179263,2,left_localized,1.0
Case_14,heavy_hole,2,1.553508821474,70.39630457306934,0.0035525640748549758,0.01987771685818459,0.951421063504316,0.02514865556264445,-0.947868499429461,2,right_localized,0.9999999999999998
Case_14,heavy_hole,3,1.541664164017,63.538399127398975,0.975886546152088,0.010242448867044352,0.0034832642732198667,0.01038774070764775,0.9724032818788682,2,left_localized,0.9999999999999999
Case_14,heavy_hole,4,1.488324884131,63.565111645079924,0.9453262277005485,0.026402117139977952,0.001673705915543381,0.02659794924393014,0.9436525217850051,4,left_localized,1.0
Case_14,heavy_hole,5,1.428991013337,69.74804929449722,0.08282352449024041,0.1053787554297783,0.7008823088836809,0.11091541119630044,-0.6180587843934404,6,right_localized,1.0
Case_14,heavy_hole,6,1.41449244033,64.20314945683954,0.8143036422043544,0.03684402308948698,0.08242469521025884,0.06642763949589982,0.7318789469940955,6,left_localized,1.0
Case_15,electron,1,3.047615383365,63.57366050173984,0.9579009253216835,0.01820831295250185,0.003748646680831228,0.02014211504498345,0.9541522786408523,0,left_localized,0.9999999999999998
Case_15,electron,2,3.163017839351,69.67058977536203,0.09265914148476176,0.10079307731025802,0.7186564111111585,0.08789137009382175,-0.6259972696263968,2,right_localized,1.0
Case_15,electron,3,3.219984311689,64.2886045101166,0.7735412433552517,0.036903979541663766,0.09735126410730881,0.09220351299577577,0.6761899792479429,4,left_localized,0.9999999999999998
Case_15,electron,4,3.379956121439,27.284346642938225,9.926282881984193e-09,1.5879286664117813e-09,3.769955567045657e-10,0.9999999881087929,9.549287325279628e-09,4,delocalized_bonding_or_antibonding,1.0000000000000002
Case_15,electron,5,3.397632696543,34.02611363223576,9.169681857144778e-06,1.6050000985299e-06,3.691157784333438e-07,0.999988856202266,8.800566078711435e-06,6,delocalized_bonding_or_antibonding,1.0
Case_15,electron,6,3.412153980506,39.39005677344704,0.0007755897347078716,0.00014592427003992417,3.3549776791071645e-05,0.9990449362184611,0.0007420399579167999,6,delocalized_bonding_or_antibonding,0.9999999999999999
Case_15,heavy_hole,1,1.56005515749,63.83660517218746,0.9942486246923427,0.003508450757734416,0.00017895228796796235,0.0020639722619549684,0.9940696724043747,0,left_localized,1.0
Case_15,heavy_hole,2,1.537408876308,70.4639464826907,0.0038498423411473456,0.02183830586735415,0.9491206661817528,0.025191185609745648,-0.9452708238406055,2,right_localized,1.0
Case_15,heavy_hole,3,1.527306691187,63.55986420626343,0.9746292528262415,0.010968471515789705,0.0038935943869614687,0.010508681271007361,0.97073565843928,2,left_localized,1.0
Case_15,heavy_hole,4,1.474235292598,63.577266916778996,0.9440979089897286,0.027889996477261137,0.0013446408723789102,0.02666745366063139,0.9427532681173496,4,left_localized,1.0
Case_15,heavy_hole,5,1.41298858748,69.65341416355163,0.1022824035115685,0.11303168844394428,0.6755374579686948,0.10914845007579244,-0.5732550544571263,6,right_localized,0.9999999999999998
Case_15,heavy_hole,6,1.400703968389,64.38485738589284,0.7915195907572028,0.03958209213038094,0.10093177209382362,0.06796654501859264,0.6905878186633791,6,left_localized,1.0
Case_16,electron,1,3.030405625315,63.5772047666358,0.9560095889085662,0.018957416883658238,0.004883256773791273,0.020149737433984245,0.9511263321347749,0,left_localized,1.0
Case_16,electron,2,3.145275232607,69.428387145565,0.10435325982618646,0.09817341263796103,0.7080685779817648,0.08940474955408773,-0.6037153181555783,2,right_localized,1.0
Case_16,electron,3,3.205572975833,64.32580650419203,0.7633526716162793,0.03422840493675163,0.1073089340766482,0.09510998937032088,0.6560437375396311,4,left_localized,0.9999999999999998
Case_16,electron,4,3.372361991568,27.81611885463144,4.970883865224706e-08,7.976301361654628e-09,2.133188803902991e-09,0.9999999401816712,4.757564984834407e-08,4,delocalized_bonding_or_antibonding,0.9999999999999999
Case_16,electron,5,3.388127839785,34.94682962826265,3.162079870438148e-05,5.494729757317215e-06,1.4314358639689089e-06,0.9999614530356744,3.0189362840412574e-05,6,delocalized_bonding_or_antibonding,1.0
Case_16,electron,6,3.401164198213,40.38639654872111,0.0017503568102716248,0.00032483932297928714,8.457619529128688e-05,0.9978402276714577,0.0016657806149803379,6,delocalized_bonding_or_antibonding,1.0
Case_16,heavy_hole,1,1.542316818145,63.77540011781231,0.9942076500029289,0.0033942007874191047,0.00020371743176863198,0.0021944317778833855,0.9940039325711603,2,left_localized,0.9999999999999999
Case_16,heavy_hole,2,1.516732877334,70.25462339888372,0.010100146703894506,0.021427097216083865,0.9428578481421733,0.025614907937848375,-0.9327577014382789,2,right_localized,0.9999999999999998
Case_16,heavy_hole,3,1.509287657958,63.592574922686765,0.9681806571880007,0.01053807684120761,0.010307690884122723,0.01097357508666894,0.957872966303878,2,left_localized,1.0
Case_16,heavy_hole,4,1.455736629222,63.565300767389104,0.9428199652946037,0.028051480081643213,0.0017488452859422414,0.02737970933781089,0.9410711200086614,4,left_localized,1.0
Case_16,heavy_hole,5,1.390958897595,68.63152434541483,0.21420427192818528,0.11302651516049829,0.5701360897530597,0.10263312315825668,-0.3559318178248745,6,right_localized,1.0
Case_16,heavy_hole,6,1.380295538751,65.21190322524505,0.6798922575799851,0.035617982111208604,0.20403183949050496,0.08045792081830139,0.4758604180894801,6,left_localized,0.9999999999999998
Case_17,electron,1,2.941115094415,63.59806984838385,0.9530199732341393,0.021155745043506563,0.006195875037737408,0.01962840668461669,0.9468240981964019,0,left_localized,1.0
Case_17,electron,2,3.049296102808,69.49061403202967,0.08343680801221731,0.09590401149850068,0.7263022073907283,0.09435697309855373,-0.642865399378511,2,right_localized,1.0000000000000002
Case_17,electron,3,3.118933541748,64.08243014909252,0.7820427413946516,0.038770009525487724,0.08364229869868132,0.09554495038117937,0.6984004426959702,4,left_localized,1.0000000000000002
Case_17,electron,4,3.328145692072,39.13775320198883,0.002825746601540018,0.0006375794591507475,0.00017214815194583908,0.9963645257873633,0.002653598449594179,4,delocalized_bonding_or_antibonding,1.0
Case_17,electron,5,3.330837031241,90.54188502270796,0.0013052349487187999,0.0006832330643262459,0.0005204282169214556,0.9974911037700335,0.0007848067317973443,4,delocalized_bonding_or_antibonding,0.9999999999999999
Case_17,electron,6,3.333294570383,42.33985514993441,0.017468957013100875,0.004079637860149197,0.0011374233990677227,0.9773139817276821,0.016331533614033153,6,delocalized_bonding_or_antibonding,1.0
Case_17,heavy_hole,1,1.451573766129,63.53441710455984,0.9943850940833336,0.0026838074922334713,8.764007035898758e-05,0.0028434583540738983,0.9942974540129746,2,left_localized,0.9999999999999999
Case_17,heavy_hole,2,1.41823148637,64.04693345788763,0.9000067021701696,0.01478208084371964,0.0723034621869143,0.012907754799196411,0.8277032399832553,2,left_localized,0.9999999999999999
Case_17,heavy_hole,3,1.415378109355,69.66470338765316,0.07753290580987826,0.018478681637536375,0.8789106484444168,0.025077764108168532,-0.8013777426345385,2,right_localized,1.0
Case_17,heavy_hole,4,1.363087943029,63.53915702535767,0.941057530879595,0.027582306357070378,0.00165460092015538,0.02970556184317926,0.9394029299594396,4,left_localized,0.9999999999999999
Case_17,heavy_hole,5,1.291891070898,65.54591779800518,0.6036540897692582,0.09901059455413372,0.22025448413457382,0.07708083154203427,0.38339960563468434,4,left_localized,1.0
Case_17,heavy_hole,6,1.281456242125,68.11385280958685,0.285540042651414,0.05654989870915213,0.5437715281231327,0.11413853051630107,-0.25823148547171865,6,right_localized,1.0
Case_18,electron,1,2.947324555978,63.5985151437506,0.9547172410305855,0.01986897062518824,0.005850114852336857,0.019563673491889373,0.9488671261782486,0,left_localized,0.9999999999999998
Case_18,electron,2,3.055263236729,69.56305120539461,0.08062348411652447,0.09468425459099214,0.7312449130131095,0.09344734827937395,-0.650621428896585,2,right_localized,0.9999999999999998
Case_18,electron,3,3.124179887576,64.0739093254939,0.7875614309492995,0.037043057262492025,0.08097125355587712,0.09442425823233133,0.7065901773934224,4,left_localized,1.0
Case_18,electron,4,3.331933588198,36.812192129700726,0.0013153730172212165,0.0002792265313485056,7.527557215768856e-05,0.9983301248792726,0.001240097445063528,4,delocalized_bonding_or_antibonding,1.0
Case_18,electron,5,3.337391547558,42.14370234625765,0.01483337124169033,0.003387809085101345,0.0009652263825656555,0.9808135932906425,0.013868144859124675,4,delocalized_bonding_or_antibonding,0.9999999999999999
Case_18,electron,6,3.339849254987,88.24476207757223,0.0013987357213678191,0.0008623278370381518,0.0007885984210685936,0.9969503380205255,0.0006101373002992256,6,delocalized_bonding_or_antibonding,1.0000000000000002
Case_18,heavy_hole,1,1.457972864181,63.555285334749684,0.9946803037343734,0.002475200912527924,8.541074645720667e-05,0.0027590846066414304,0.9945948929879163,2,left_localized,1.0
Case_18,heavy_hole,2,1.424843410996,64.54872285893106,0.8290172028686128,0.015492977024370469,0.1418397233810441,0.013650096725972616,0.6871774794875687,2,left_localized,0.9999999999999999
Case_18,heavy_hole,3,1.422818817773,69.218262323652,0.1496176523118366,0.016369718113470183,0.8102644425271571,0.023748187047536007,-0.6606467902153206,2,right_localized,0.9999999999999998
Case_18,heavy_hole,4,1.369823018866,63.54476262831673,0.9437094297725175,0.025494288024309978,0.001539936696303744,0.029256345506868797,0.9421694930762138,4,left_localized,1.0
Case_18,heavy_hole,5,1.299286064673,66.03298456208032,0.5454515839860294,0.10021822403234493,0.27432914251473195,0.08000104946689368,0.2711224414712975,6,left_localized,1.0
Case_18,heavy_hole,6,1.289763673322,67.68936370844868,0.34739775284428365,0.050385852436574494,0.49418340793779464,0.10803298678134726,-0.146785655093511,6,delocalized_bonding_or_antibonding,1.0
Case_19,electron,1,2.956585478427,63.602190822403855,0.9556034997574319,0.019531382115569894,0.005353717974740566,0.019511400152257677,0.9502497817826913,0,left_localized,1.0
Case_19,electron,2,3.064463660927,69.6477885696083,0.07781117939753024,0.09789027087882328,0.731943322344994,0.09235522737865243,-0.6541321429474638,2,right_localized,1.0000000000000002
Case_19,electron,3,3.132065211538,64.07751446557286,0.7904517811776659,0.037615856769294714,0.07880664850300893,0.09312571355003045,0.711645132674657,4,left_localized,1.0
Case_19,electron,4,3.337241701208,34.16952504752929,0.0003835043360142952,7.962531183837238e-05,2.04747602642244e-05,0.9995163955918831,0.00036302957575007084,4,delocalized_bonding_or_antibonding,0.9999999999999998
Case_19,electron,5,3.343618089533,41.67166843830436,0.009509677826646738,0.0020805469745326212,0.0005539366106913303,0.9878558385881293,0.008955741215955408,4,delocalized_bonding_or_antibonding,1.0
Case_19,electron,6,3.351564020422,48.71445259641469,0.048223731389535104,0.012332549513160892,0.0037975610208523286,0.9356461580764517,0.04442617036868277,6,delocalized_bonding_or_antibonding,1.0000000000000002
Case_19,heavy_hole,1,1.46758864271,63.58915776079014,0.9947320539981324,0.002519209677503618,8.332436361638631e-05,0.0026654119607476363,0.994648729634516,0,left_localized,1.0000000000000002
Case_19,heavy_hole,2,1.435013981431,66.70853405562733,0.5194589945923223,0.021087677802877756,0.4417162293703068,0.01773709823449321,0.07774276522201545,2,delocalized_bonding_or_antibonding,1.0
Case_19,heavy_hole,3,1.433646475054,67.13602160160073,0.4593434076178143,0.012130412935099122,0.5093272510639045,0.019198928383182157,-0.04998384344609025,2,delocalized_bonding_or_antibonding,1.0
Case_19,heavy_hole,4,1.380022174988,63.55546221736823,0.9444232283399518,0.025382554773638228,0.001405461709759049,0.028788755176650874,0.9430177666301928,4,left_localized,0.9999999999999999
Case_19,heavy_hole,5,1.310539306704,66.73182566063767,0.45938604568982383,0.10757244402218166,0.34851453619024286,0.08452697409775167,0.11087150949958097,6,delocalized_bonding_or_antibonding,1.0
Case_19,heavy_hole,6,1.301762482441,67.07698440406294,0.4341411652946518,0.04731650649449943,0.41845893235103393,0.10008339585981474,0.01568223294361787,6,delocalized_bonding_or_antibonding,1.0000000000000002
