z_nm,x_al,in_grade_window
0.000000,0.5500000000,False
0.050000,0.5500000000,False
0.100000,0.5500000000,False
0.150000,0.5500000000,False
0.200000,0.5500000000,False
0.250000,0.5500000000,False
0.300000,0.5500000000,False
0.350000,0.5500000000,False
0.400000,0.5500000000,False
0.450000,0.5500000000,False
0.500000,0.5500000000,False
0.550000,0.5500000000,False
0.600000,0.5500000000,False
0.650000,0.5500000000,False
0.700000,0.5500000000,False
0.750000,0.5500000000,False
0.800000,0.5500000000,False
0.850000,0.5500000000,False
0.900000,0.5500000000,False
0.950000,0.5500000000,False
1.000000,0.5500000000,False
1.050000,0.5500000000,False
1.100000,0.5500000000,False
1.150000,0.5500000000,False
1.200000,0.5500000000,False
1.250000,0.5500000000,False
1.300000,0.5500000000,False
1.350000,0.5500000000,False
1.400000,0.5500000000,False
1.450000,0.5500000000,False
1.500000,0.5500000000,False
1.550000,0.5500000000,False
1.600000,0.5500000000,False
1.650000,0.5500000000,False
1.700000,0.5500000000,False
1.750000,0.5500000000,False
1.800000,0.5500000000,False
1.850000,0.5500000000,False
1.900000,0.5500000000,False
1.950000,0.5500000000,False
2.000000,0.5500000000,False
2.050000,0.5500000000,False
2.100000,0.5500000000,False
2.150000,0.5500000000,False
2.200000,0.5500000000,False
2.250000,0.5500000000,False
2.300000,0.5500000000,False
2.350000,0.5500000000,False
2.400000,0.5500000000,False
2.450000,0.5500000000,False
2.500000,0.5500000000,False
2.550000,0.5500000000,False
2.600000,0.5500000000,False
2.650000,0.5500000000,False
2.700000,0.5500000000,False
2.750000,0.5500000000,False
2.800000,0.5500000000,False
2.850000,0.5500000000,False
2.900000,0.5500000000,False
2.950000,0.5500000000,False
3.000000,0.5500000000,False
3.050000,0.5500000000,False
3.100000,0.5500000000,False
3.150000,0.5500000000,False
3.200000,0.5500000000,False
3.250000,0.5500000000,False
3.300000,0.5500000000,False
3.350000,0.5500000000,False
3.400000,0.5500000000,False
3.450000,0.5500000000,False
3.500000,0.5500000000,False
3.550000,0.5500000000,False
3.600000,0.5500000000,False
3.650000,0.5500000000,False
3.700000,0.5500000000,False
3.750000,0.5500000000,False
3.800000,0.5500000000,False
3.850000,0.5500000000,False
3.900000,0.5500000000,False
3.950000,0.5500000000,False
4.000000,0.5500000000,False
4.050000,0.5500000000,False
4.100000,0.5500000000,False
4.150000,0.5500000000,False
4.200000,0.5500000000,False
4.250000,0.5500000000,False
4.300000,0.5500000000,False
4.350000,0.5500000000,False
4.400000,0.5500000000,False
4.450000,0.5500000000,False
4.500000,0.5500000000,False
4.550000,0.5500000000,False
4.600000,0.5500000000,False
4.650000,0.5500000000,False
4.700000,0.5500000000,False
4.750000,0.5500000000,False
4.800000,0.5500000000,False
4.850000,0.5500000000,False
4.900000,0.5500000000,False
4.950000,0.5500000000,False
5.000000,0.5500000000,False
5.050000,0.5500000000,False
5.100000,0.5500000000,False
5.150000,0.5500000000,False
5.200000,0.5500000000,False
5.250000,0.5500000000,False
5.300000,0.5500000000,False
5.350000,0.5500000000,False
5.400000,0.5500000000,False
5.450000,0.5500000000,False
5.500000,0.5500000000,False
5.550000,0.5500000000,False
5.600000,0.5500000000,False
5.650000,0.5500000000,False
5.700000,0.5500000000,False
5.750000,0.5500000000,False
5.800000,0.5500000000,False
5.850000,0.5500000000,False
5.900000,0.5500000000,False
5.950000,0.5500000000,False
6.000000,0.5500000000,False
6.050000,0.5500000000,False
6.100000,0.5500000000,False
6.150000,0.5500000000,False
6.200000,0.5500000000,False
6.250000,0.5500000000,False
6.300000,0.5500000000,False
6.350000,0.5500000000,False
6.400000,0.5500000000,False
6.450000,0.5500000000,False
6.500000,0.5500000000,False
6.550000,0.5500000000,False
6.600000,0.5500000000,False
6.650000,0.5500000000,False
6.700000,0.5500000000,False
6.750000,0.5500000000,False
6.800000,0.5500000000,False
6.850000,0.5500000000,False
6.900000,0.5500000000,False
6.950000,0.5500000000,False
7.000000,0.5500000000,False
7.050000,0.5500000000,False
7.100000,0.5500000000,False
7.150000,0.5500000000,False
7.200000,0.5500000000,False
7.250000,0.5500000000,False
7.300000,0.5500000000,False
7.350000,0.5500000000,False
7.400000,0.5500000000,False
7.450000,0.5500000000,False
7.500000,0.5500000000,False
7.550000,0.5500000000,False
7.600000,0.5500000000,False
7.650000,0.5500000000,False
7.700000,0.5500000000,False
7.750000,0.5500000000,False
7.800000,0.5500000000,False
7.850000,0.5500000000,False
7.900000,0.5500000000,False
7.950000,0.5500000000,False
8.000000,0.5500000000,False
8.050000,0.5500000000,False
8.100000,0.5500000000,False
8.150000,0.5500000000,False
8.200000,0.5500000000,False
8.250000,0.5500000000,False
8.300000,0.5500000000,False
8.350000,0.5500000000,False
8.400000,0.5500000000,False
8.450000,0.5500000000,False
8.500000,0.5500000000,False
8.550000,0.5500000000,False
8.600000,0.5500000000,True
8.650000,0.5225000000,True
8.700000,0.4950000000,True
8.750000,0.4675000000,True
8.800000,0.4400000000,True
8.850000,0.4125000000,True
8.900000,0.3850000000,True
8.950000,0.3575000000,True
9.000000,0.3300000000,True
9.050000,0.3025000000,True
9.100000,0.2750000000,True
9.150000,0.2475000000,True
9.200000,0.2200000000,True
9.250000,0.1925000000,True
9.300000,0.1650000000,True
9.350000,0.1375000000,True
9.400000,0.1100000000,True
9.450000,0.0825000000,True
9.500000,0.0550000000,True
9.550000,0.0275000000,True
9.600000,0.0000000000,True
9.650000,0.0000000000,False
9.700000,0.0000000000,False
9.750000,0.0000000000,False
9.800000,0.0000000000,False
9.850000,0.0000000000,False
9.900000,0.0000000000,False
9.950000,0.0000000000,False
10.000000,0.0000000000,False
10.050000,0.0000000000,False
10.100000,0.0000000000,False
10.150000,0.0000000000,False
10.200000,0.0000000000,False
10.250000,0.0000000000,False
10.300000,0.0000000000,False
10.350000,0.0000000000,False
10.400000,0.0000000000,False
10.450000,0.0000000000,False
10.500000,0.0000000000,False
10.550000,0.0000000000,False
10.600000,0.0000000000,False
10.650000,0.0000000000,False
10.700000,0.0000000000,False
10.750000,0.0000000000,False
10.800000,0.0000000000,False
10.850000,0.0000000000,False
10.900000,0.0000000000,False
10.950000,0.0000000000,False
11.000000,0.0000000000,False
11.050000,0.0000000000,False
11.100000,0.0000000000,False
11.150000,0.0000000000,False
11.200000,0.0000000000,False
11.250000,0.0000000000,False
11.300000,0.0000000000,False
11.350000,0.0000000000,False
11.400000,0.0000000000,False
11.450000,0.0000000000,False
11.500000,0.0000000000,False
11.550000,0.0000000000,False
11.600000,0.0000000000,False
11.650000,0.0000000000,False
11.700000,0.0000000000,False
11.750000,0.0000000000,False
11.800000,0.0000000000,False
11.850000,0.0000000000,False
11.900000,0.0000000000,False
11.950000,0.0000000000,False
12.000000,0.0000000000,False
12.050000,0.0000000000,False
12.100000,0.0000000000,False
12.150000,0.0000000000,False
12.200000,0.0000000000,False
12.250000,0.0000000000,False
12.300000,0.0000000000,False
12.350000,0.0000000000,False
12.400000,0.0000000000,False
12.450000,0.0000000000,False
12.500000,0.0000000000,False
12.550000,0.0000000000,False
12.600000,0.0000000000,False
12.650000,0.0000000000,False
12.700000,0.0000000000,False
12.750000,0.0000000000,False
12.800000,0.0000000000,False
12.850000,0.0000000000,False
12.900000,0.0000000000,False
12.950000,0.0000000000,False
13.000000,0.0000000000,False
13.050000,0.0000000000,False
13.100000,0.0000000000,False
13.150000,0.0000000000,False
13.200000,0.0000000000,False
13.250000,0.0000000000,False
13.300000,0.0000000000,False
13.350000,0.0000000000,False
13.400000,0.0000000000,False
13.450000,0.0000000000,False
13.500000,0.0000000000,False
13.550000,0.0000000000,False
13.600000,0.0000000000,False
13.650000,0.0000000000,False
13.700000,0.0000000000,False
13.750000,0.0000000000,False
13.800000,0.0000000000,False
13.850000,0.0000000000,False
13.900000,0.0000000000,False
13.950000,0.0000000000,False
14.000000,0.0000000000,False
14.050000,0.0000000000,False
14.100000,0.0000000000,False
14.150000,0.0000000000,False
14.200000,0.0000000000,False
14.250000,0.0000000000,False
14.300000,0.0000000000,False
14.350000,0.0000000000,False
14.400000,0.0000000000,False
14.450000,0.0000000000,False
14.500000,0.0000000000,False
14.550000,0.0000000000,False
14.600000,0.0000000000,False
14.650000,0.0000000000,False
14.700000,0.0000000000,False
14.750000,0.0000000000,False
14.800000,0.0000000000,False
14.850000,0.0000000000,False
14.900000,0.0000000000,False
14.950000,0.0000000000,False
15.000000,0.0000000000,False
15.050000,0.0000000000,False
15.100000,0.0000000000,False
15.150000,0.0000000000,False
15.200000,0.0000000000,False
15.250000,0.0000000000,False
15.300000,0.0000000000,False
15.350000,0.0000000000,False
15.400000,0.0000000000,False
15.450000,0.0000000000,False
15.500000,0.0000000000,False
15.550000,0.0000000000,False
15.600000,0.0000000000,False
15.650000,0.0000000000,False
15.700000,0.0000000000,True
15.750000,0.0275000000,True
15.800000,0.0550000000,True
15.850000,0.0825000000,True
15.900000,0.1100000000,True
15.950000,0.1375000000,True
16.000000,0.1650000000,True
16.050000,0.1925000000,True
16.100000,0.2200000000,True
16.150000,0.2475000000,True
16.200000,0.2750000000,True
16.250000,0.3025000000,True
16.300000,0.3300000000,True
16.350000,0.3575000000,True
16.400000,0.3850000000,True
16.450000,0.4125000000,True
16.500000,0.4400000000,True
16.550000,0.4675000000,True
16.600000,0.4950000000,True
16.650000,0.5225000000,True
16.700000,0.5500000000,True
16.750000,0.5500000000,False
16.800000,0.5500000000,False
16.850000,0.5500000000,False
16.900000,0.5500000000,False
16.950000,0.5500000000,False
17.000000,0.5500000000,False
17.050000,0.5500000000,False
17.100000,0.5500000000,False
17.150000,0.5500000000,False
17.200000,0.5500000000,False
17.250000,0.5500000000,False
17.300000,0.5500000000,False
17.350000,0.5500000000,False
17.400000,0.5500000000,False
17.450000,0.5500000000,False
17.500000,0.5500000000,True
17.550000,0.5225000000,True
17.600000,0.4950000000,True
17.650000,0.4675000000,True
17.700000,0.4400000000,True
17.750000,0.4125000000,True
17.800000,0.3850000000,True
17.850000,0.3575000000,True
17.900000,0.3300000000,True
17.950000,0.3025000000,True
18.000000,0.2750000000,True
18.050000,0.2475000000,True
18.100000,0.2200000000,True
18.150000,0.1925000000,True
18.200000,0.1650000000,True
18.250000,0.1375000000,True
18.300000,0.1100000000,True
18.350000,0.0825000000,True
18.400000,0.0550000000,True
18.450000,0.0275000000,True
18.500000,0.0000000000,True
18.550000,0.0000000000,False
18.600000,0.0000000000,False
18.650000,0.0000000000,False
18.700000,0.0000000000,False
18.750000,0.0000000000,False
18.800000,0.0000000000,False
18.850000,0.0000000000,False
18.900000,0.0000000000,False
18.950000,0.0000000000,False
19.000000,0.0000000000,False
19.050000,0.0000000000,False
19.100000,0.0000000000,False
19.150000,0.0000000000,False
19.200000,0.0000000000,False
19.250000,0.0000000000,False
19.300000,0.0000000000,False
19.350000,0.0000000000,False
19.400000,0.0000000000,False
19.450000,0.0000000000,False
19.500000,0.0000000000,False
19.550000,0.0000000000,False
19.600000,0.0000000000,False
19.650000,0.0000000000,False
19.700000,0.0000000000,False
19.750000,0.0000000000,False
19.800000,0.0000000000,False
19.850000,0.0000000000,False
19.900000,0.0000000000,False
19.950000,0.0000000000,False
20.000000,0.0000000000,False
20.050000,0.0000000000,False
20.100000,0.0000000000,False
20.150000,0.0000000000,False
20.200000,0.0000000000,False
20.250000,0.0000000000,False
20.300000,0.0000000000,False
20.350000,0.0000000000,False
20.400000,0.0000000000,True
20.450000,0.0275000000,True
20.500000,0.0550000000,True
20.550000,0.0825000000,True
20.600000,0.1100000000,True
20.650000,0.1375000000,True
20.700000,0.1650000000,True
20.750000,0.1925000000,True
20.800000,0.2200000000,True
20.850000,0.2475000000,True
20.900000,0.2750000000,True
20.950000,0.3025000000,True
21.000000,0.3300000000,True
21.050000,0.3575000000,True
21.100000,0.3850000000,True
21.150000,0.4125000000,True
21.200000,0.4400000000,True
21.250000,0.4675000000,True
21.300000,0.4950000000,True
21.350000,0.5225000000,True
21.400000,0.5500000000,True
21.450000,0.5500000000,False
21.500000,0.5500000000,False
21.550000,0.5500000000,False
21.600000,0.5500000000,False
21.650000,0.5500000000,False
21.700000,0.5500000000,False
21.750000,0.5500000000,False
21.800000,0.5500000000,False
21.850000,0.5500000000,False
21.900000,0.5500000000,False
21.950000,0.5500000000,False
22.000000,0.5500000000,False
22.050000,0.5500000000,False
22.100000,0.5500000000,False
22.150000,0.5500000000,False
22.200000,0.5500000000,False
22.250000,0.5500000000,False
22.300000,0.5500000000,False
22.350000,0.5500000000,False
22.400000,0.5500000000,False
22.450000,0.5500000000,False
22.500000,0.5500000000,False
22.550000,0.5500000000,False
22.600000,0.5500000000,False
22.650000,0.5500000000,False
22.700000,0.5500000000,False
22.750000,0.5500000000,False
22.800000,0.5500000000,False
22.850000,0.5500000000,False
22.900000,0.5500000000,False
22.950000,0.5500000000,False
23.000000,0.5500000000,False
23.050000,0.5500000000,False
23.100000,0.5500000000,False
23.150000,0.5500000000,False
23.200000,0.5500000000,False
23.250000,0.5500000000,False
23.300000,0.5500000000,False
23.350000,0.5500000000,False
23.400000,0.5500000000,False
23.450000,0.5500000000,False
23.500000,0.5500000000,False
23.550000,0.5500000000,False
23.600000,0.5500000000,False
23.650000,0.5500000000,False
23.700000,0.5500000000,False
23.750000,0.5500000000,False
23.800000,0.5500000000,False
23.850000,0.5500000000,False
23.900000,0.5500000000,False
23.950000,0.5500000000,False
24.000000,0.5500000000,False
24.050000,0.5500000000,False
24.100000,0.5500000000,False
24.150000,0.5500000000,False
24.200000,0.5500000000,False
24.250000,0.5500000000,False
24.300000,0.5500000000,False
24.350000,0.5500000000,False
24.400000,0.5500000000,False
24.450000,0.5500000000,False
24.500000,0.5500000000,False
24.550000,0.5500000000,False
24.600000,0.5500000000,False
24.650000,0.5500000000,False
24.700000,0.5500000000,False
24.750000,0.5500000000,False
24.800000,0.5500000000,False
24.850000,0.5500000000,False
24.900000,0.5500000000,False
24.950000,0.5500000000,False
25.000000,0.5500000000,False
25.050000,0.5500000000,False
25.100000,0.5500000000,False
25.150000,0.5500000000,False
25.200000,0.5500000000,False
25.250000,0.5500000000,False
25.300000,0.5500000000,False
25.350000,0.5500000000,False
25.400000,0.5500000000,False
25.450000,0.5500000000,False
25.500000,0.5500000000,False
25.550000,0.5500000000,False
25.600000,0.5500000000,False
25.650000,0.5500000000,False
25.700000,0.5500000000,False
25.750000,0.5500000000,False
25.800000,0.5500000000,False
25.850000,0.5500000000,False
25.900000,0.5500000000,False
25.950000,0.5500000000,False
26.000000,0.5500000000,False
26.050000,0.5500000000,False
26.100000,0.5500000000,False
26.150000,0.5500000000,False
26.200000,0.5500000000,False
26.250000,0.5500000000,False
26.300000,0.5500000000,False
26.350000,0.5500000000,False
26.400000,0.5500000000,False
26.450000,0.5500000000,False
26.500000,0.5500000000,False
26.550000,0.5500000000,False
26.600000,0.5500000000,False
26.650000,0.5500000000,False
26.700000,0.5500000000,False
26.750000,0.5500000000,False
26.800000,0.5500000000,False
26.850000,0.5500000000,False
26.900000,0.5500000000,False
26.950000,0.5500000000,False
27.000000,0.5500000000,False
27.050000,0.5500000000,False
27.100000,0.5500000000,False
27.150000,0.5500000000,False
27.200000,0.5500000000,False
27.250000,0.5500000000,False
27.300000,0.5500000000,False
27.350000,0.5500000000,False
27.400000,0.5500000000,False
27.450000,0.5500000000,False
27.500000,0.5500000000,False
27.550000,0.5500000000,False
27.600000,0.5500000000,False
27.650000,0.5500000000,False
27.700000,0.5500000000,False
27.750000,0.5500000000,False
27.800000,0.5500000000,False
27.850000,0.5500000000,False
27.900000,0.5500000000,False
27.950000,0.5500000000,False
28.000000,0.5500000000,False
28.050000,0.5500000000,False
28.100000,0.5500000000,False
28.150000,0.5500000000,False
28.200000,0.5500000000,False
28.250000,0.5500000000,False
28.300000,0.5500000000,False
28.350000,0.5500000000,False
28.400000,0.5500000000,False
28.450000,0.5500000000,False
28.500000,0.5500000000,False
28.550000,0.5500000000,False
28.600000,0.5500000000,False
28.650000,0.5500000000,False
28.700000,0.5500000000,False
28.750000,0.5500000000,False
28.800000,0.5500000000,False
28.850000,0.5500000000,False
28.900000,0.5500000000,False
28.950000,0.5500000000,False
29.000000,0.5500000000,False
29.050000,0.5500000000,False
29.100000,0.5500000000,False
29.150000,0.5500000000,False
29.200000,0.5500000000,False
29.250000,0.5500000000,False
29.300000,0.5500000000,False
29.350000,0.5500000000,False
29.400000,0.5500000000,False
29.450000,0.5500000000,False
29.500000,0.5500000000,False
29.550000,0.5500000000,False
29.600000,0.5500000000,False
29.650000,0.5500000000,False
29.700000,0.5500000000,False
29.750000,0.5500000000,False
29.800000,0.5500000000,False
29.850000,0.5500000000,False
29.900000,0.5500000000,False
29.950000,0.5500000000,False
30.000000,0.5500000000,False
