z_nm,psi_e1_raw,psi_e2_raw,psi_hh1_raw,psi_hh2_raw,psi_e1_normalized,psi_e2_normalized,psi_hh1_normalized,psi_hh2_normalized,psi_e1_times_psi_hh1,psi_e1_z_psi_e1
3.5253064226355999,0,0,0,0,0,0,0,0,0,0
4.0603667626829001,0.00062641888342782753,-0.00063852619970887644,7.6139102151837693e-06,2.5646917042995806e-05,0.00062641888342782753,-0.00063852619970887644,7.6139102151837693e-06,2.5646917042995809e-05,4.7694971355151469e-09,1.5932904250140141e-06
4.5814619412396,0.0014333869326521944,-0.0014046861882959921,2.248764171685491e-05,7.2639260962246611e-05,0.0014333869326521944,-0.0014046861882959921,2.248764171685491e-05,7.2639260962246624e-05,3.223349178310419e-08,9.4130629937284361e-06
5.0889564512812004,0.0026466297487925897,-0.0024519375091395863,5.7867036849833772e-05,0.00017754490214997174,0.0026466297487925897,-0.0024519375091395863,5.7867036849833772e-05,0.00017754490214997177,1.5315262120124708e-07,3.5646353855899115e-05
5.5832052724576,0.0045765977941453814,-0.0039703408136933785,0.00014331887176063942,0.00041681495495762052,0.0045765977941453814,-0.0039703408136933785,0.00014331887176063942,0.00041681495495762057,6.5591283235914716e-07,0.00011694161554563083
6.0645541193924002,0.00768365163364137,-0.0062147091518365656,0.00034633453030951858,0.00095512746188114548,0.00768365163364137,-0.0062147091518365656,0.00034633453030951858,0.00095512746188114559,2.661113879599149e-06,0.00035804219309738952
6.5333396835016,0.01266422143894495,-0.0095371341513526466,0.00081862363220230677,0.0021429122896159001,0.01266422143894495,-0.0095371341513526466,0.00081862363220230677,0.0021429122896159006,1.0367230953363439e-05,0.0010478333821994932
6.9898898685006001,0.020570419793792916,-0.01442726689546592,0.0018941504759211925,0.0047116714205751803,0.020570419793792916,-0.01442726689546592,0.0018941504759211925,0.0047116714205751812,3.8963470442311571e-05,0.0029577171704634475
7.4345240197648996,0.032977793037650867,-0.02156355187842288,0.0042925345003853831,0.010157986177367526,0.032977793037650867,-0.02156355187842288,0.0042925345003853831,0.010157986177367528,0.00014155831436068523,0.0080853038429839937
7.8675531477040002,0.052219467536584789,-0.031878743107868819,0.0095320775296559614,0.021483414457798996,0.052219467536584789,-0.031878743107868819,0.0095320775296559614,0.021483414457798999,0.00049776001311607884,0.021453816600814253
8.2892801453052005,0.081709696145259664,-0.046643334501031745,0.020750799819956915,0.044591716242616916,0.081709696145259664,-0.046643334501031745,0.020750799819956915,0.044591716242616923,0.0016955415480597884,0.055343167050535658
8.6999999999999993,0.12638567692994951,-0.06757093084865963,0.044304826493557818,0.090875765555505764,0.12638567692994951,-0.06757093084865963,0.044304826493557818,0.090875765555505778,0.0055994954876522661,0.13896805219746167
9.0999999999999996,0.19330348079871923,-0.096950016605187456,0.092817185299514632,0.1819153728568115,0.19330348079871923,-0.096950016605187456,0.092817185299514632,0.18191537285681153,0.01794188499633589,0.34003274476899742
9.4944444444443992,0.24143132108203902,-0.11573457357993937,0.16643596095845933,0.30948236543293556,0.24143132108203902,-0.11573457357993937,0.16643596095845933,0.30948236543293561,0.040182853929759503,0.55342245835669968
9.8888888888888999,0.28586307918479881,-0.12930937293406927,0.23613998833079905,0.40832853456587098,0.28586307918479881,-0.12930937293406927,0.23613998833079905,0.40832853456587104,0.067503704182904675,0.80809725596114479
10.283333333332999,0.32591854746601873,-0.13706334908710924,0.3002897556178088,0.46928068110506815,0.32591854746601873,-0.13706334908710924,0.3002897556178088,0.46928068110506821,0.097870000969881979,1.0923254840385614
10.677777777777999,0.36098451508840856,-0.13864745909447923,0.35737639304082858,0.48668227648940732,0.36098451508840856,-0.13864745909447923,0.35737639304082858,0.48668227648940737,0.129007343945888,1.391419301648946
11.072222222222001,0.39052415568869847,-0.13399039471241925,0.40605716304028838,0.45891840431495862,0.39052415568869847,-0.13399039471241925,0.40605716304028838,0.45891840431495867,0.15857513075765681,1.6886148252194497
11.466666666667001,0.41408524567489835,-0.12330179231754931,0.44518704287082822,0.38856562906450193,0.41408524567489835,-0.12330179231754931,0.44518704287082822,0.38856562906450198,0.18434538601844841,1.9661502398620732
11.861111111111001,0.43130708733610829,-0.1070627961873194,0.47384565673660811,0.28215288376425685,0.43130708733610829,-0.1070627961873194,0.47384565673660811,0.2821528837642569,0.20437299005393184,2.2064727258714956
12.255555555556001,0.44192603077886822,-0.086004399932563522,0.49135892399496806,0.14955556685767304,0.44192603077886822,-0.086004399932563522,0.49135892399496806,0.14955556685767307,0.21714429896887183,2.393493046644549
12.65,0.44577951015438821,-0.061074541036210662,0.49731491423975799,0.0030790777899960564,0.44577951015438821,-0.061074541036210662,0.49731491423975799,0.0030790777899960568,0.22169279886227089,2.5138000516696017
13.044444444444,0.4428085323859382,-0.033395429727656814,0.49157353633640805,-0.14368315825214331,0.4428085323859382,-0.033395429727656814,0.49157353633640805,-0.14368315825214334,0.21767295618489052,2.5577467924371096
13.438888888889,0.4330585802962883,-0.0042130330210058764,0.47426983351222812,-0.27711119796893707,0.4330585802962883,-0.0042130330210058764,0.47426983351222812,-0.27711119796893713,0.20538662077816253,2.5203256470509361
13.833333333333,0.41667891630928833,0.025159012121788862,0.44581080699817821,-0.38482254853007208,0.41667891630928833,0.025159012121788862,0.44581080699817821,-0.38482254853007214,0.18575996393897018,2.4017615836040558
14.227777777778,0.39392029738519846,0.053398531770475703,0.40686584293315842,-0.4568212973155687,0.39392029738519846,0.053398531770475703,0.40686584293315842,-0.45682129731556875,0.16027271384410921,2.2077698165129376
14.622222222222,0.36513113617190857,0.079234332295167562,0.35835096770034858,-0.4864257603816573,0.36513113617190857,0.079234332295167562,0.35835096770034858,-0.48642576038165736,0.13084509598473118,1.9494455836497537
15.016666666667,0.33075216714112865,0.10150342277184943,0.30140730202629878,-0.47088856129650802,0.33075216714112865,0.10150342277184943,0.30140730202629878,-0.47088856129650808,0.099691118337359025,1.6427782242961422
15.411111111111,0.29130969936597884,0.11920336667504933,0.23737422062511906,-0.4116515953070608,0.29130969936597884,0.11920336667504933,0.23737422062511906,-0.41165159530706086,0.069149412847536965,1.3078075543365981
15.805555555555999,0.247407559233389,0.13153740626176927,0.16775784870112934,-0.31421221745360534,0.247407559233389,0.13153740626176927,0.16775784870112934,-0.31421221745360539,0.041504559889390565,0.96746596411539443
16.199999999999999,0.19971784644071919,0.13795032838571922,0.094195636305018621,-0.18761307274702127,0.19971784644071919,0.13795032838571922,0.094195636305018621,-0.1876130727470213,0.018812549626951541,0.64617293462808278
16.559999999999999,0.13897380108031945,0.15036779318302917,0.048509934442516806,-0.10337853633887518,0.13897380108031945,0.15036779318302917,0.048509934442516806,-0.1033785363388752,0.0067416099796336676,0.319835159923954
16.920000000000002,0.09880292663926861,0.17878934034025901,0.025204597007261898,-0.060936690648563163,0.09880292663926861,0.17878934034025901,0.025204597007261898,-0.06093669064856317,0.0024902879490808264,0.16517334984724105
17.280000000000001,0.073258474453936712,0.22623995793411875,0.013527559481024947,-0.043129632369983989,0.073258474453936712,0.22623995793411875,0.013527559481024947,-0.043129632369983996,0.00099100837066477539,0.092738374490616726
17.640000000000001,0.058558937673638761,0.29776995345351831,0.0080915469010353677,-0.042758527919426005,0.058558937673638761,0.29776995345351831,0.0080915469010353677,-0.042758527919426012,0.00047383239066105498,0.060490191561044522
18,0.052528250879816794,0.40099247274080779,0.0063886205539270746,-0.059673351439727219,0.052528250879816794,0.40099247274080779,0.0063886205539270746,-0.059673351439727226,0.00033558306323263552,0.04966590852887353
18.414285714285999,0.050618175172191797,0.47629265613008731,0.0060390878486717755,-0.090328771720810774,0.050618175172191797,0.47629265613008731,0.0060390878486717755,-0.090328771720810788,0.00030568760660432283,0.047181076555088054
18.828571428570999,0.047853263626606808,0.52794145784612712,0.0055328597422587781,-0.1117368842136648,0.047853263626606808,0.52794145784612712,0.0055328597422587781,-0.11173688421366482,0.00026476539585534913,0.043116201696394803
19.242857142857002,0.044280209855976818,0.55337414062786694,0.0048830712673618801,-0.12170605715339432,0.044280209855976818,0.55337414062786694,0.0048830712673618801,-0.12170605715339433,0.00021622342046047474,0.037730181694941863
19.657142857143,0.039959355316778841,0.55132778748570688,0.0041065823982508838,-0.11921570752076444,0.039959355316778841,0.55132778748570688,0.0041065823982508838,-0.11921570752076445,0.00016409638518933686,0.031387544377280689
20.071428571428999,0.034963670267187864,0.52190401468137715,0.0032235405873039871,-0.10452078209645513,0.034963670267187864,0.52190401468137715,0.0032235405873039871,-0.10452078209645514,0.00011270681018739372,0.024536483216664157
20.485714285714,0.029377521450988882,0.46656392574419742,0.0022568580017679907,-0.079125657567250304,0.029377521450988882,0.46656392574419742,0.0022568580017679907,-0.079125657567250318,6.6300894358775053e-05,0.017679965590130457
20.899999999999999,0.023295247318511906,0.38805555709344786,0.001231617024831695,-0.045630131631816867,0.023295247318511906,0.38805555709344786,0.001231617024831695,-0.045630131631816874,2.8690823195144156e-05,0.011341772645480294
21.300000000000001,0.015230898012986939,0.27046179187963848,0.00058789305467083766,-0.022794517468865939,0.015230898012986939,0.27046179187963848,0.00058789305467083766,-0.022794517468865943,8.9541391582348834e-06,0.0049411794162068021
21.710719854695,0.0098469389798841594,0.18669625636273898,0.0002753481292786689,-0.011185013393237478,0.0098469389798841594,0.18669625636273898,0.0002753481292786689,-0.01118501339323748,2.7113362272323077e-06,0.0021051193186091763
22.132446852295999,0.0062930341765152749,0.12759898192220928,0.00012648378562284948,-0.0053887201186775483,0.0062930341765152749,0.12759898192220928,0.00012648378562284948,-0.0053887201186775492,7.9596678569962315e-07,0.00087649533844610396
22.565475980235,0.0039741956102211842,0.086311033562497516,5.6958833143797773e-05,-0.0025479443496634812,0.0039741956102211842,0.086311033562497516,5.6958833143797773e-05,-0.0025479443496634817,2.2636554464340201e-07,0.00035640433457708273
23.010110131499001,0.00247896734482999,0.057747087504433678,2.5134009033021899e-05,-0.0011818362777726449,0.00247896734482999,0.057747087504433678,2.5134009033021899e-05,-0.0011818362777726451,6.2306387637523282e-08,0.0001414035488046354
23.466660316498,0.0015261813667172938,0.038173669647212784,1.0862544464114956e-05,-0.00053751020771386493,0.0015261813667172938,0.038173669647212784,1.0862544464114956e-05,-0.00053751020771386504,1.6578212956270339e-08,5.4659238980232975e-05
23.935445880608,0.00092596659085170628,0.02487521412101186,4.5956091260453814e-06,-0.00023957618933669882,0.00092596659085170628,0.02487521412101186,4.5956091260453814e-06,-0.00023957618933669885,4.2553805153312314e-09,2.0522589443017892e-05
24.416794727542001,0.00055153159711066784,0.015891826224052913,1.9017379364659923e-06,-0.00010455037945471512,0.00055153159711066784,0.015891826224052913,1.9017379364659923e-06,-0.00010455037945471513,1.0488685613850344e-09,7.4272740432293841e-06
24.911043548719,0.00031894870337513867,0.0098142115843289461,7.6785379270912696e-07,-4.4533879289232925e-05,0.00031894870337513867,0.0098142115843289461,7.6785379270912696e-07,-4.4533879289232932e-05,2.4490597156625855e-10,2.5341574982438972e-06
25.418538058759999,0.00017273927485052931,0.0056224464979773691,2.983947670619388e-07,-1.822022508209915e-05,0.00017273927485052931,0.0056224464979773691,2.983947670619388e-07,-1.8220225082099153e-05,5.1544495681471921e-11,7.5846012421332652e-07
25.939633237317,7.5490533094081706e-05,0.0025557874956932858,1.0103109048501958e-07,-6.4330583075203001e-06,7.5490533094081706e-05,0.0025557874956932858,1.0103109048501958e-07,-6.4330583075203009e-06,7.6268908797905338e-12,1.4782531590760673e-07
26.474693577364,0,0,0,0,0,0,0,0,0,0
