wavelength_nm,photon_energy_eV,chi2_raw_real_pm_per_V,chi2_raw_imag_pm_per_V,chi2_raw_abs_pm_per_V,chi2_scaled_abs_pm_per_V
1400.000000,0.88560141714285712,1.0075796900904084,-30.347440927925202,30.364162884983219,1198.7291025800982
1401.000000,0.88496929621698783,1.169744402921246,-30.269958480294402,30.292551697849959,1195.9020062293075
1402.000000,0.8843380770328102,1.2848265276569031,-30.256771193512616,30.284038407430835,1195.565914994954
1403.000000,0.88370775766215248,1.4536835106556203,-30.265517092057515,30.300407927926937,1196.2121577610824
1404.000000,0.88307833618233611,1.6101927360541932,-30.238346645721265,30.281187699858208,1195.4533735709338
1405.000000,0.88244981067615647,1.7480767632354126,-30.249458220750519,30.299925660289905,1196.1931185979101
1406.000000,0.88182217923186335,1.9301335867670681,-30.258421201906422,30.319918688788505,1196.9824117261539
1407.000000,0.88119543994314142,2.0831601924295091,-30.23263661676566,30.304321031640402,1196.3666409036118
1408.000000,0.88056959090909082,2.2157028900333842,-30.259209297141012,30.34022225668572,1197.7839644584585
1409.000000,0.87994463023420855,2.4079901812755753,-30.29008849522625,30.385652498535507,1199.5774785180715
1410.000000,0.87932055602836878,2.5850534540190919,-30.270720250135295,30.380898700039918,1199.3898060758556
1411.000000,0.87869736640680363,2.729413636535917,-30.283957542263831,30.406706221176712,1200.4086461726274
1412.000000,0.87807505949008491,2.9113415588615452,-30.310531842385483,30.450028739569664,1202.1189506454168
1413.000000,0.87745363340410465,3.0861037479317979,-30.309744164579801,30.466450854428022,1202.7672697537419
1414.000000,0.87683308628005652,3.2513679263427542,-30.333814125053067,30.507567467199333,1204.3904885632046
1415.000000,0.87621341625441684,3.4477364021019548,-30.34934701201361,30.54455353011398,1205.8506398004897
1416.000000,0.87559462146892653,3.6192531195749078,-30.342171259085621,30.557263455015637,1206.3524075234773
1417.000000,0.8749767000705716,3.7839786671243698,-30.371433521978695,30.606248851063459,1208.2862734451685
1418.000000,0.87435965021156548,3.9850117799997729,-30.392676362142161,30.652815455364813,1210.1246492961941
1419.000000,0.87374347004933051,4.1671272076133681,-30.391597869398787,30.675954267466178,1211.0381329832001
1420.000000,0.87312815774647878,4.3464798063270775,-30.414602555047825,30.723605506000283,1212.9193284774144
1421.000000,0.87251371147079515,4.5446740739062177,-30.425094302168656,30.762646598332385,1214.4606090242312
1422.000000,0.87190012939521799,4.7219665337138048,-30.432762597504251,30.796915547852624,1215.8134929242542
1423.000000,0.87128740969782148,4.9140654115152387,-30.463155559066639,30.856958461334827,1218.1838921368869
1424.000000,0.87067555056179768,5.1218736307318924,-30.469287480545834,30.89678088509115,1219.7560184119568
1425.000000,0.87006455017543849,5.3052470807339027,-30.474570915190732,30.932913200224522,1221.1824650378041
1426.000000,0.86945440673211771,5.500928977338905,-30.498250838860436,30.990377923539079,1223.4510813823354
1427.000000,0.86884511843027323,5.7030809238791393,-30.507264487086985,31.03575870684319,1225.2426428968276
1428.000000,0.86823668347338934,5.8976521937654933,-30.525251848552074,31.089762009641671,1227.3746078367203
1429.000000,0.86762910006997895,6.1109205685118662,-30.540923717352616,31.146289854552712,1229.6062377043932
1430.000000,0.86702236643356634,6.3117970530456935,-30.540693512820365,31.186098542184848,1231.1778216990158
1431.000000,0.86641648078266942,6.5068478902103584,-30.561242186286115,31.246257270834363,1233.5527931111883
1432.000000,0.86581144134078203,6.7230564446460352,-30.58004435317627,31.310359317646363,1236.0834404845268
1433.000000,0.86520724633635726,6.9349389727257664,-30.58814521080652,31.364438556951992,1238.2184032775608
1434.000000,0.86460389400278936,7.1487772708684458,-30.599749006008825,31.423711679227573,1240.5584123514702
1435.000000,0.8640013825783972,7.3599354705122826,-30.604985747072522,31.477512651234328,1242.6823895918731
1436.000000,0.86339971030640661,7.5678787651718151,-30.624261474454055,31.545493812271655,1245.3661782565337
1437.000000,0.86279887543493383,7.7973343482560464,-30.642714539980613,31.619208992592352,1248.2763369290146
1438.000000,0.862198876216968,8.022347116711531,-30.64364082184235,31.676344108484063,1250.5319408940609
1439.000000,0.86159971091035437,8.2393442966495947,-30.65257843097989,31.740626315592852,1253.0697007108317
1440.000000,0.86100137777777774,8.4624153585778163,-30.665151927242032,31.811381869103538,1255.8630180001542
1441.000000,0.86040387508674521,8.6903692906588965,-30.681973802425127,31.88896415408831,1258.9258438454833
1442.000000,0.85980720110956999,8.9320653328397839,-30.692309686837952,31.965601277355713,1261.9513562018301
1443.000000,0.85921135412335403,9.1646666475842142,-30.68999690698384,32.029158979155547,1264.4605136954572
1444.000000,0.85861633240997226,9.391454868993165,-30.701865397257787,32.10613591554845,1267.4994413362804
1445.000000,0.85802213425605534,9.6332573650235833,-30.717701247892037,32.192806920421354,1270.9210754608418
1446.000000,0.85742875795297369,9.8818630160691381,-30.726733841467333,32.276669425960428,1274.2318344758614
1447.000000,0.85683620179682096,10.13178343182085,-30.727844753609734,32.355115186184406,1277.3287489572751
1448.000000,0.85624446408839772,10.372886164408397,-30.729842882586915,32.433316373264283,1280.4160080779709
1449.000000,0.85565354313319519,10.621252045261267,-30.744956471867368,32.527885628580066,1284.1494526318604
1450.000000,0.85506343724137923,10.884504142329616,-30.754051827856028,32.62336791710576,1287.9189422920972
1451.000000,0.85447414472777394,11.147892009835061,-30.754357610497507,32.712474811565549,1291.4367414830085
1452.000000,0.85388566391184562,11.407641498979997,-30.753346328766526,32.800954177985552,1294.9297668599063
1453.000000,0.8532979931176875,11.667813375463087,-30.7610547427733,32.899549508352401,1298.8221544859687
1454.000000,0.85271113067400273,11.943477959235835,-30.771179656757241,33.007759136772414,1303.0940993855461
1455.000000,0.85212507491408929,12.224774803105793,-30.769660152548589,33.109169498644732,1307.0976200009507
1456.000000,0.85153982417582408,12.502305456854028,-30.766074530729735,33.209320736306836,1311.0514323849682
1457.000000,0.85095537680164712,12.781154210848683,-30.767619819256989,33.31672751492605,1315.2916820448363
1458.000000,0.85037173113854592,13.070720666909487,-30.773531349181678,33.434323239022532,1319.9341751492041
1459.000000,0.84978888553803966,13.370722107702983,-30.771819379403112,33.551171031724451,1324.5471411056378
1460.000000,0.84920683835616428,13.669969108615399,-30.764589064233505,33.664937185767258,1329.0384488441814
1461.000000,0.84862558795345644,13.970356059743638,-30.760232850677799,33.784060938021256,1333.7412660822624
1462.000000,0.84804513269493842,14.279116956755947,-30.759942559203338,33.912641408628197,1338.8174195966481
1463.000000,0.8474654709501025,14.599659764841926,-30.755632258733634,34.044955292724367,1344.0409623678513
1464.000000,0.84688660109289615,14.923738043544242,-30.744849282420926,34.175484116411695,1349.1940337787853
1465.000000,0.84630852150170643,15.250260073292536,-30.734117190915686,34.30971279110333,1354.4931694527411
1466.000000,0.84573123055934507,15.583810433886171,-30.725755693891511,34.451809975674813,1360.1029414456573
1467.000000,0.84515472665303337,15.928735931531635,-30.716019172186666,34.600555807134171,1365.9751914969174
1468.000000,0.84457900817438691,16.281796500875799,-30.700737940196362,34.751002969245995,1371.9146073901584
1469.000000,0.84400407351940088,16.639971591730333,-30.682204439582783,34.903958569852016,1377.9530524658085
1470.000000,0.84342992108843529,17.004613748176698,-30.664029326291356,35.063365258462234,1384.2461762876906
1471.000000,0.8428565492861998,17.380506378216488,-30.645639422115131,35.231196652306899,1390.8718941410116
1472.000000,0.84228395652173904,17.768131832066281,-30.623007758414211,35.404450468459245,1397.7116806466222
1473.000000,0.84171214120841809,18.164911400574823,-30.594744291575893,35.580927256855588,1404.6787049964091
1474.000000,0.84114110176390766,18.569090332884922,-30.563747103972624,35.762462902132945,1411.8454450107447
1475.000000,0.8405708366101694,18.984537851251623,-30.532684960238271,35.953546811222473,1419.389135371255
1476.000000,0.84000134417344163,19.41557246233636,-30.498364890915589,36.154041476156806,1427.3043474809779
1477.000000,0.83943262288422471,19.860397314211053,-30.456061664965304,36.359415199071762,1435.4121770791762
1478.000000,0.83886467117726649,20.315092513603361,-30.407716106977489,36.569552672664749,1443.7080720160045
1479.000000,0.83829748749154831,20.782616992505481,-30.358042949951393,36.790324010645392,1452.4237750918767
1480.000000,0.83773107027027016,21.269846592850801,-30.304796778446246,37.024141878865109,1461.6545345368154
1481.000000,0.83716541796083721,21.776584737869513,-30.241002348188836,37.265773383478489,1471.1937639823118
1482.000000,0.83660052901484472,22.297477752999587,-30.166967221035943,37.51297676085661,1480.9529621476531
1483.000000,0.83603640188806472,22.834987061588212,-30.088730817945009,37.772587366205862,1491.2019780401506
1484.000000,0.83547303504043124,23.397937604093514,-30.004277049509533,38.048917532418422,1502.1110557385714
1485.000000,0.83491042693602691,23.987502596656476,-29.904936416567892,38.336738292446967,1513.4737638981819
1486.000000,0.83434857604306856,24.598306412201776,-29.789526411820599,38.632791281359985,1525.1614674275086
1487.000000,0.83378748083389365,25.23299591630116,-29.66364839688951,38.944012622306353,1537.447993492777
1488.000000,0.83322713978494622,25.901835864610582,-29.524571818018771,39.276016119186217,1550.5549661887071
1489.000000,0.83266755137676285,26.607427262190775,-29.361754874806614,39.624081501544019,1564.2960367070484
1490.000000,0.8321087140939597,27.345649307400286,-29.171845138397245,39.98476065730484,1578.535079039362
1491.000000,0.83155062642521793,28.120508879038251,-28.957551468360567,40.364623207194938,1593.5314514161794
1492.000000,0.83099328686327067,28.943317353526403,-28.712762783073288,40.769331194710333,1609.508682355131
1493.000000,0.83043669390488939,29.818295362365117,-28.423119388746837,41.194713909726346,1626.3021188202085
1494.000000,0.82988084605087009,30.743743587869396,-28.079413978675614,41.636897809304955,1643.7588394656959
1495.000000,0.82932574180602003,31.725150290940409,-27.67535358660383,42.100004241404797,1662.0415485873978
1496.000000,0.82877137967914427,32.773125143949372,-27.193844845655303,42.586182373987697,1681.235091935612
1497.000000,0.82821775818303267,33.890442647447557,-26.607206335155066,43.087185238785878,1701.0138922530944
1498.000000,0.82766487583444592,35.071749704696941,-25.886473607233224,43.590562547034104,1720.886431840675
1499.000000,0.82711273115410266,36.309966657776009,-24.997683328841973,44.082852113921462,1740.321244944522
1500.000000,0.8265613226666666,37.587648912967914,-23.891467417736933,44.538001371607635,1758.2898174117702
1501.000000,0.82601064890073284,38.857179378016205,-22.507385604049816,44.905041988007504,1772.7800001437652
1502.000000,0.8254607083888148,40.027383877962329,-20.794518928835132,45.106579094356526,1780.7363661909856
1503.000000,0.8249114996673319,40.962083611486875,-18.742075762133279,45.046172952516017,1778.3516272975378
1504.000000,0.82436302127659566,41.502701250062252,-16.419796610012671,44.632767467031464,1762.0310329016465
1505.000000,0.82381527176079727,41.53533619632919,-13.998234575033218,43.830750896599397,1730.3686878085152
1506.000000,0.82326824966799461,41.065871881777753,-11.695309172642046,42.69878323856863,1685.6803958901501
1507.000000,0.82272195355009947,40.217686969915583,-9.6748683303962757,41.365026561343122,1633.0257928040412
1508.000000,0.82217638196286469,39.153371013650428,-7.9954844146492796,39.961409293935837,1577.6132041646492
1509.000000,0.82163153346587137,38.004360805913549,-6.6347511074428036,38.579157099705682,1523.0440748062917
1510.000000,0.82108740662251645,36.850148340764967,-5.5386131758677744,37.264053304066088,1471.1258579689563
1511.000000,0.82054399999999994,35.732179858750015,-4.6540254097530429,36.033992700957903,1422.5650118007839
1512.000000,0.82000131216931216,34.672615617409782,-3.9358155896174392,34.895285041221896,1377.610635280445
1513.000000,0.81945934170522139,33.680087356228761,-3.3441131698205386,33.845699537988096,1336.1746604723016
1514.000000,0.81891808718626147,32.751398013906972,-2.8486525338192124,32.875049705267124,1297.8549410285432
1515.000000,0.81837754719471945,31.881243787215869,-2.4315079233395611,31.973832053745976,1262.2762942293732
1516.000000,0.81783772031662261,31.068501931397126,-2.0784912243471481,31.13795012570537,1229.2769984062506
1517.000000,0.81729860514172703,30.3096849608193,-1.773854580677636,30.361547432525676,1198.6258486557547
1518.000000,0.8167602002635046,29.596200046446839,-1.5072743242712729,29.634556400896354,1169.9253931144699
1519.000000,0.8162225042791309,28.922900828422328,-1.2754647299844211,28.951010390108792,1142.9400782488055
1520.000000,0.81568551578947368,28.289572194019296,-1.0731045615519308,28.309917843763753,1117.6307589811556
1521.000000,0.81514923339907952,27.692413187104986,-0.89207638947877954,27.70677802289562,1093.8197532591057
1522.000000,0.81461365571616284,27.12467472303225,-0.72942916149684323,27.134480752945073,1071.2263626421648
1523.000000,0.81407878135259348,26.584363815556358,-0.58558583973129419,26.590812515858861,1049.7632009402505
1524.000000,0.81354460892388447,26.071820327678996,-0.45710840991657725,26.075827183374113,1029.4323949242985
1525.000000,0.81301113704918027,25.58339271570744,-0.33961118669018048,25.585646730232121,1010.080846293666
1526.000000,0.81247836435124499,25.114837906822125,-0.23306861610785076,25.115919335468568,991.53675204298349
1527.000000,0.81194628945645053,24.665795310525919,-0.1381633973669236,24.666182262870237,973.78184407878541
1528.000000,0.81141491099476437,24.236206856682447,-0.052533287285219381,24.23626379098425,956.8093431098431
1529.000000,0.81088422759973833,23.823253514004644,0.025882058108405596,23.823267573392751,940.50490596274619
1530.000000,0.8103542379084967,23.424419126893902,0.096296073547220432,23.42461705911483,924.76681448189061
1531.000000,0.80982494056172427,23.039794649882289,0.15780134073272439,23.040335040356545,909.59596846750503
1532.000000,0.80929633420365532,22.669664825514658,0.21158392398069917,22.670652197457038,895.00147481435226
1533.000000,0.8087684174820613,22.312339778322336,0.25860709570255319,22.313838397130446,880.91503059806143
1534.000000,0.80824118904823983,21.96668519057603,0.29732052741521042,21.968697224867356,867.2894032670016
1535.000000,0.80771464755700317,21.63478108343093,0.32655459705473194,21.637245444668746,854.20421147261334
1536.000000,0.80718879166666657,21.31880814488909,0.34851326146415285,21.321656647925032,841.74526516350818
1537.000000,0.80666362003903702,21.01822244207391,0.36566027231573867,21.021402951735865,829.89172435810065
1538.000000,0.80613913133940174,20.732945677015127,0.37879626945311906,20.736405741106914,818.64048546081369
1539.000000,0.80561532423651716,20.463876785907914,0.39073600111286766,20.467606790521124,808.02872823797486
1540.000000,0.8050921974025973,20.208383377938556,0.40543550099269027,20.212450041872916,797.95554356027071
1541.000000,0.80456974951330296,19.962100897281864,0.42279248976523576,19.966577716841293,788.24889323531795
1542.000000,0.80404797924773019,19.724174962676823,0.4409215662813476,19.729102609746324,778.8737517867836
1543.000000,0.80352688528839922,19.494624113568296,0.46064883002928442,19.500065812040887,769.83174144020325
1544.000000,0.80300646632124351,19.271079514637346,0.48239967569475728,19.277116358692904,761.0300498162685
1545.000000,0.80248672103559859,19.052376451105435,0.50417912900618544,19.05904627804766,752.42098810553966
1546.000000,0.80196764812419141,18.839602167662104,0.52538452476062614,18.846926506320244,744.04683517514377
1547.000000,0.80144924628312852,18.632449497402707,0.54712808589956841,18.640480772116433,735.89668426760761
1548.000000,0.80093151421188624,18.429466190408654,0.56902997081189666,18.438248809773064,727.9128864052675
1549.000000,0.80041445061329886,18.230788444343244,0.58989133793102388,18.240329467774565,720.09934396987103
1550.000000,0.79989805419354831,18.037206059546389,0.6100770829317822,18.047520507860781,712.48755133253292
1551.000000,0.79938232366215334,17.848002365436269,0.63042232550086463,17.85913269856934,705.05029872575506
1552.000000,0.79886725773195866,17.662219710528717,0.65021948915448824,17.674184294814438,697.74882840706005
1553.000000,0.79835285511912424,17.480541594495882,0.66877015950232765,17.493329813478663,690.60897966726657
1554.000000,0.79783911454311451,17.303329985064718,0.6870579528244346,17.316965011299729,683.6463763561369
1555.000000,0.79732603472668806,17.129343714826923,0.70533943134419819,17.143859536699711,676.81244614027696
1556.000000,0.79681361439588683,16.958503873670132,0.72248054705091114,16.97388676096762,670.10218991855379
1557.000000,0.79630185228002559,16.791753930064495,0.73886450355276712,16.80800168974428,663.55330980247004
1558.000000,0.79579074711168163,16.628321884121966,0.7553882812500432,16.645470859588784,657.13684981600852
1559.000000,0.79528029762668373,16.467477153707026,0.77122352247257575,16.485526668246845,650.82250623682023
1560.000000,0.79477050256410253,16.310032108760399,0.78607372147472887,16.328963815392218,644.64165255049545
1561.000000,0.79426136066623954,16.155907811472172,0.80085127212402019,16.175744804269453,638.59280844446448
1562.000000,0.79375287067861711,16.004209337439626,0.81537049238850001,16.024966319978571,632.64031247587695
1563.000000,0.79324503134996793,15.855205773471869,0.82899479123925579,15.876863118482742,626.79343243868232
1564.000000,0.79273784143222503,15.70930715323496,0.84222160333328133,15.731867926721238,621.06925170769773
1565.000000,0.79223129968051109,15.56585846169296,0.85542072436106587,15.589345536780071,615.44269327962945
1566.000000,0.79172540485312892,15.424580780343126,0.86798159372933714,15.448983277108674,609.90141337643081
1567.000000,0.79122015571155069,15.286043648316033,0.87991508095424265,15.311348110728645,604.46779480103453
1568.000000,0.79071555102040814,15.149961179874166,0.89185597045793685,15.176189601600784,599.1319507349026
1569.000000,0.79021158954748238,15.015748177019937,0.90341321314502077,15.042900277185996,593.86989912345302
1570.000000,0.78970827006369426,14.88387828816378,0.91428279563998716,14.911933004385327,588.69951843532431
1571.000000,0.78920559134309354,14.754361657230616,0.92507656541608319,14.783333675603721,583.62262043004409
1572.000000,0.78870355216284982,14.626578830060037,0.9356629255244705,14.656475476121859,578.61445945436219
1573.000000,0.78820215130324212,14.500776413338416,0.94563045902048382,14.531577118628901,573.68366993915686
1574.000000,0.78770138754764929,14.377145499188732,0.95540020113013635,14.408854994383219,568.83879466889198
1575.000000,0.78720125968253962,14.255182693568107,0.96506719329566926,14.28781257976809,564.0602316768759
1576.000000,0.78670176649746182,14.134899770595592,0.97422271534990701,14.168433273438778,559.34732556828908
1577.000000,0.78620290678503479,14.016585855777292,0.98308758827292919,14.051019189318344,554.71200332274952
1578.000000,0.78570467934093779,13.899861125283657,0.99190030086589565,13.935207408181254,550.13993746351491
1579.000000,0.78520708296390118,13.784596595402267,1.0002887368122479,13.820842262864057,545.62498249729947
1580.000000,0.78471011645569611,13.671097653565788,1.0083552010304198,13.70823443280633,541.17940355676024
1581.000000,0.78421377862112585,13.559077558389253,1.0163685583504449,13.597116947383311,536.79266106408409
1582.000000,0.78371806826801516,13.448365885129745,1.024027636261124,13.487296896715369,532.45713924248344
1583.000000,0.78322298420720149,13.33921588549669,1.0313672221279131,13.379028319977767,528.1828671566069
1584.000000,0.78272852525252523,13.231426859064534,1.0386301843210639,13.272129044978321,523.96265293657564
1585.000000,0.78223469022082015,13.124816040643463,1.045591394032136,13.166398803925315,519.78859032687592
1586.000000,0.78174147793190407,13.019587828831812,1.052242080447787,13.062039681019595,515.66865729197934
1587.000000,0.78124888720856955,12.915588932072266,1.0587990526410411,12.958915575623649,511.59748079408246
1588.000000,0.78075691687657423,12.812649382636572,1.0650736610961813,12.856841218041785,507.56774667876897
1589.000000,0.7802655657646318,12.710936729617741,1.0710597066878773,12.755982182475627,503.58599155351556
1590.000000,0.77977483270440251,12.61030749080202,1.0769287754969821,12.656209171788801,499.64711097197687
1591.000000,0.77928471653048392,12.510630487230218,1.0825183479103453,12.557377160919264,495.74537957419113
1592.000000,0.77879521608040192,12.412030894234547,1.0878393878269497,12.459610967166693,491.88572494963864
1593.000000,0.77830633019460127,12.314366938022825,1.0930151113794793,12.362779425273814,488.06296890151759
1594.000000,0.77781805771643653,12.217547326954293,1.0979001248057336,12.266778198468268,484.27299237915753
1595.000000,0.77733039749216293,12.121658685635815,1.102529977623286,12.171695923026018,480.5192946024759
1596.000000,0.77684334837092728,12.026552224824146,1.1069740234720322,12.077390028688502,476.79624712326716
1597.000000,0.77635690920475886,11.932181255531608,1.1111056680330733,11.98380178909828,473.10153151786756
1598.000000,0.77587107884856066,11.83858368177725,1.1149804803671199,11.890973259663918,469.43680806725945
1599.000000,0.77538585616010003,11.74561285114609,1.118609412847744,11.798758759611953,465.79632552503097
1600.000000,0.77490123999999994,11.653257230252109,1.1218932626995666,11.70713665109081,462.1792296630415
1601.000000,0.77441722923173006,11.561498264568568,1.1248896137038293,11.616093093834982,458.58497408950967
1602.000000,0.77393382272159794,11.470206737677962,1.1275523018513995,11.52549421059606,455.0082735425151
1603.000000,0.77345101933873983,11.379384860869331,1.129816821928709,11.435334969422419,451.44892936857019
1604.000000,0.77296881795511219,11.288957541239073,1.1317111037850041,11.345542401768581,447.90406088496451
1605.000000,0.77248721744548277,11.198827824416174,1.1331445315923434,11.256010002234161,444.36946342702441
1606.000000,0.77200621668742209,11.10897821764341,1.1340763382950561,11.1667151025338,440.84424208671436
1607.000000,0.77152581456129432,11.019295213782112,1.1344682694350356,11.07753967552526,437.32373733922435
1608.000000,0.77104600995024875,10.929712412605928,1.1342009365121106,10.9884041237414,433.80480680250645
1609.000000,0.7705668017402113,10.840164481771527,1.1332112322495751,10.899235463497316,430.28456919616934
1610.000000,0.77008818881987573,10.750534505226881,1.1313633164630832,10.809901715645344,426.75781419230674
1611.000000,0.76961017008069521,10.660764555585766,1.1284948686333289,10.720326561171797,423.22152883702529
1612.000000,0.7691327444168734,10.570753816014374,1.124431569598499,10.630389578632204,419.67095908225144
1613.000000,0.76865591072535644,10.480427637883041,1.1188992418389996,10.539985720402594,416.10195781401768
1614.000000,0.76817966790582404,10.38974766365879,1.1115941741531581,10.449042928542045,412.51168029884076
1615.000000,0.76770401486068107,10.298695199520257,1.1020999501361615,10.357497145194476,408.89759763392743
1616.000000,0.76722895049504947,10.207375994606409,1.0898954960669218,10.265398038440308,405.26167063649814
1617.000000,0.76675447371675942,10.116032228690221,1.0743556415975093,10.172922298756225,401.61087476697799
1618.000000,0.76628058343634109,10.025189850391566,1.0547400400968308,10.080521221076692,397.96302643525274
1619.000000,0.76580727856701658,9.9357855024654622,1.0303345184724471,9.9890651600116556,394.35248586407761
1620.000000,0.7653345580246913,9.8492863014199781,1.0006530544209564,9.8999872314393027,390.83583020056722
1621.000000,0.76486242072794564,9.7676713777549526,0.96587956797467778,9.8153108704535832,387.49294146035561
1622.000000,0.76439086559802705,9.6929883456874251,0.92729551923718512,9.737242938821522,384.41094305387674
1623.000000,0.76391989155884155,9.6265565937413129,0.88732707659014887,9.6673647491627399,381.65226270109071
1624.000000,0.7634494975369458,9.5682367715931935,0.84885616743521775,9.6058165561424786,379.22243743424326
1625.000000,0.76297968246153836,9.5165152179963748,0.81416032933379134,9.5512783927711737,377.06935704529627
1626.000000,0.76251044526445255,9.4692726553892328,0.78434181154322014,9.5017007266824169,375.11210923959493
1627.000000,0.76204178488014751,9.4245632052186359,0.75945418370924889,9.4551130223976934,373.27290039461428
1628.000000,0.76157370024570015,9.3809608579893276,0.73896795039969987,9.4100212672897712,371.4927492559504
1629.000000,0.76110619030079796,9.3375583017836199,0.72215127645353838,9.3654416609838371,369.7328169415668
1630.000000,0.76063925398773002,9.2938350616817473,0.70828925056565906,9.3207855793496197,367.96986550223681
1631.000000,0.76017289025137946,9.2495185318127096,0.69676269896708609,9.2757248411657098,366.19093886265188
1632.000000,0.75970709803921566,9.2044843526187066,0.6870671762983207,9.2300917385662622,364.38941618164836
1633.000000,0.75924187630128592,9.1586897491011072,0.67879920151085171,9.1838100087197727,362.56228672331679
1634.000000,0.75877722399020797,9.1121351197054477,0.67163921335164567,9.1368542547575426,360.70854785946824
1635.000000,0.75831314006116202,9.0648403684772632,0.66533170965059318,9.0892242347651191,358.82819003970349
1636.000000,0.75784962347188256,9.016832224729912,0.65967064703357181,9.0409307447566185,356.92163947357608
1637.000000,0.75738667318265118,8.9681367416611177,0.65448617275717291,8.9919869198894187,354.98941471631429
1638.000000,0.75692428815628809,8.9187752964431848,0.6496353818556192,8.9424034195401791,353.03193658324113
1639.000000,0.75646246735814515,8.8687625186649459,0.64499425316405501,8.8921856817708687,351.04941976043813
1640.000000,0.75600120975609753,8.818105045503609,0.64045168922071283,8.8413321937229501,349.04180452264421
1641.000000,0.75554051432053615,8.766801084215837,0.6359042890873533,8.789833645472914,347.00872332881113
1642.000000,0.75508038002436051,8.7148400519158749,0.63125188853643222,8.7376722344831581,344.94947336292506
1643.000000,0.75462080584297009,8.6622025319757441,0.62639339678731532,8.6848213218526116,342.86300296332496
1644.000000,0.75416179075425782,8.6088602731386246,0.62122259013024195,8.6312451424410703,340.74790017887005
1645.000000,0.75370333373860177,8.5547763700614325,0.61562363976055301,8.576898694026502,338.60238839304606
1646.000000,0.75324543377885778,8.4999057202428556,0.60946597592260576,8.521727878125688,336.42433188334064
1647.000000,0.75278808986035206,8.4441959765219252,0.60259814597095884,8.4656700984291078,334.21125944650601
1648.000000,0.75233130097087375,8.3875894239675421,0.59484020682946903,8.4086557318463857,331.96042247310538
1649.000000,0.75187506610066701,8.3300264799847223,0.58597411457942683,8.3506111644719656,329.66891480263376
1650.000000,0.75141938424242416,8.2714520170429964,0.57573152264113125,8.2914646026143863,327.33390213375827
1651.000000,0.75096425439127801,8.2118265193007396,0.56377846220502625,8.231156719291473,324.95304233110147
1652.000000,0.75050967554479409,8.1511453937760852,0.54969681149157346,8.1696595899119977,322.52523297598941
1653.000000,0.75005564670296421,8.0894717490438168,0.53296380345242655,8.10700953461685,320.05190793011133
1654.000000,0.74960216686819825,8.0269905808613924,0.5129342290632487,8.043362437972208,317.53922126946941
1655.000000,0.74914923504531716,7.964094500432048,0.48883760941463084,7.9790828683621404,315.00156557697471
1656.000000,0.74869685024154586,7.9015087288901116,0.45981739186089499,7.9148766400105304,312.46680528130901
1657.000000,0.74824501146650568,7.8404448356031997,0.42506156385340338,7.8519585170327018,309.98289734750813
1658.000000,0.74779371773220737,7.7827187352152309,0.38408883534244798,7.7921906512164396,307.62335658149249
1659.000000,0.7473429680530439,7.7306724535400964,0.33720674740781514,7.7380233247529704,305.48491624685619
1660.000000,0.74689276144578309,7.6866881266372049,0.2859669040142806,7.6920056829397163,303.66821256618465
1661.000000,0.74644309692956046,7.6523034495636377,0.23318366176325836,7.6558554521566604,302.24105865883735
1662.000000,0.74599397352587238,7.6274537053014928,0.1821923355192078,7.6296293536212767,301.20569378872443
1663.000000,0.74554539025856881,7.6105099990998921,0.13572494069197999,7.6117201542046509,300.4986669351951
1664.000000,0.74509734615384615,7.5990758406084407,0.095227945156845864,7.599672492473454,300.02304431421493
1665.000000,0.74464984024024017,7.5908504818916747,0.060934045038917535,7.5910950459258428,299.68442029742931
1666.000000,0.74420287154861942,7.5840760091123665,0.032329801466390348,7.5841449173955411,299.41004022090607
1667.000000,0.74375643911217748,7.5775918934952058,0.0086014541796658964,7.5775967753225206,299.15152993361477
1668.000000,0.74331054196642676,7.5707104829587166,-0.011094052635828393,7.5707186115179903,298.87999091058828
1669.000000,0.74286517914919104,7.5630650899744962,-0.027508238864068661,7.5631151160349495,298.57981694065603
1670.000000,0.74242034970059878,7.5544888311431606,-0.04126652128186771,7.5546015398328885,298.24371442404447
1671.000000,0.74197605266307598,7.544932258591909,-0.052872624043703437,7.5451175140692186,297.86930009437589
1672.000000,0.74153228708133967,7.5344115647904841,-0.062726513133831582,7.534672669937196,297.45695417591935
1673.000000,0.74108905200239084,7.522977385432922,-0.071144442640973388,7.5233137827325702,297.00852328333445
1674.000000,0.74064634647550776,7.5106965270500812,-0.078376840881356921,7.5111054612905486,296.52655807119805
1675.000000,0.74020416955223878,7.4976415210076555,-0.084622929507750175,7.4981190586530744,296.01387544469748
1676.000000,0.73976252028639611,7.4838848268811109,-0.090042200767931457,7.4844264776895537,295.47331401533819
1677.000000,0.73932139773404881,7.4694957646456723,-0.094763261545218025,7.4700968570560269,294.90760326785579
1678.000000,0.73888080095351605,7.4545390311661235,-0.098890597981493703,7.455194934912722,294.31929896237483
1679.000000,0.73844072900536029,7.4390741234442554,-0.10250974376463809,7.4397803772466711,293.71075661764797
1680.000000,0.73800118095238088,7.4231552689583991,-0.10569123872171096,7.4239076492779308,293.08412643437771
1681.000000,0.73756215585960727,7.4068316281884599,-0.1084936749672943,7.4076261815672648,292.4413598528842
1682.000000,0.73712365279429248,7.3901476321036688,-0.11096605471760397,7.390980685239751,291.78422199763475
1683.000000,0.73668567082590608,7.3731433753703355,-0.11314962727990889,7.3740115318543582,291.11430667389379
1684.000000,0.7362482090261282,7.3558550204673585,-0.11507933010634291,7.3567551498165669,290.43305201746563
1685.000000,0.73581126646884265,7.3383151883129827,-0.11678492713165635,7.3392444108525323,289.7417557520825
1686.000000,0.73537484223013039,7.3205533230497073,-0.11829191421114767,7.3215089928635511,289.04158951432572
1687.000000,0.73493893538826316,7.3025960256614768,-0.11962224419591429,7.3035757129856105,288.33361200228853
1688.000000,0.73450354502369664,7.284467355115563,-0.12079491140065973,7.2854688290023333,287.6187808748831
1689.000000,0.73406867021906452,7.2661890979379606,-0.12182642572922679,7.267210309671686,286.89796342391043
1690.000000,0.73363431005917157,7.2477810082729777,-0.12273119964350841,7.2488200757949839,286.17194609108424
1691.000000,0.73320046363098756,7.2292610209872628,-0.12352186585110572,7.2303162144479645,285.44144292553347
1692.000000,0.73276713002364058,7.2106454405218185,-0.12420953958081191,7.2117151689900343,284.70710308506767
1693.000000,0.73233430832841107,7.1919491081354101,-0.12480403627409779,7.1930319074420934,283.96951748346669
1694.000000,0.73190199763872488,7.1731855500155959,-0.12531405319849617,7.1742800716783837,283.22922468033869
1695.000000,0.73147019705014749,7.1543671085175902,-0.12574732170453873,7.1554721096762171,282.48671610213023
1696.000000,0.73103890566037733,7.1355050585601187,-0.12611073546869561,7.1366193928454313,281.7424406741078
1697.000000,0.73060812256923979,7.116609710979775,-0.12641045899239192,7.1177323202375566,280.99680893437016
1698.000000,0.7301778468786807,7.0976905044321965,-0.12665201978848536,7.0988204112249154,280.25019669267363
1699.000000,0.7297480776927604,7.0787560872332502,-0.12684038702707226,7.0798923880467974,279.50294828922284
1700.000000,0.72931881411764699,7.0598143903587447,-0.12698003889095263,7.0609562494461864,278.7553795017339
1701.000000,0.72889005526161077,7.0408726926666425,-0.12707502047649455,7.0420193364664883,278.00778014298396
1702.000000,0.72846180023501761,7.0219376792693051,-0.12712899374446282,7.0230883913412674,277.26041638568546
1703.000000,0.72803404815032291,7.0030154938652531,-0.12714528075940043,7.0041696102918714,276.513532846852
1704.000000,0.72760679812206563,6.9841117857357595,-0.12712690124162024,6.98526869094328,275.76735445970195
1705.000000,0.72718004926686208,6.9652317520224347,-0.12707660528201958,6.9663908749790595,275.02208815760827
1706.000000,0.72675380070339968,6.9463801758237178,-0.12699690192835272,6.9475409865776347,274.27792439150124
1707.000000,0.72632805155243108,6.9275614605807663,-0.12689008423592502,6.9287234671042626,273.53503849945338
1708.000000,0.72590280093676807,6.9087796611649743,-0.12675825128068272,6.9099424064744968,272.79359194485869
1709.000000,0.72547804798127558,6.8900385120281173,-0.12660332755438689,6.8912015715532862,272.05373343758487
1710.000000,0.72505379181286544,6.8713414527327252,-0.12642708009680842,6.8725044319101674,271.31559995074684
1711.000000,0.72463003156049088,6.8526916511416145,-0.12623113366610855,6.8538541832119986,270.57931764421534
1712.000000,0.72420676635514014,6.8340920245124996,-0.12601698420374161,6.835253768501441,269.84500270465782
1713.000000,0.72378399532983062,6.815545258714689,-0.1257860108127698,6.8167058975801842,269.11276211075671
1714.000000,0.72336171761960322,6.7970538257595923,-0.12553948643700294,6.7982130646904544,268.38269433124833
1715.000000,0.72293993236151599,6.7786199998148344,-0.1252785874019442,6.7797775646661957,267.65488996254544
1716.000000,0.72251863869463862,6.7602458718525744,-0.12500440195616086,6.7614015077059433,266.92943231194715
1717.000000,0.72209783576004649,6.7419333630656535,-0.124717937932775,6.7430868329022706,266.2063979317598
1718.000000,0.72167752270081487,6.7236842371707013,-0.1244201296346972,6.7248353206480882,265.4858571090781
1719.000000,0.72125769866201273,6.7055001117039899,-0.12411184403354729,6.7066486040265767,264.76787431544199
1720.000000,0.72083836279069757,6.6873824684049188,-0.12379388636048561,6.688528179280528,264.05250862014907
1721.000000,0.72041951423590933,6.6693326627714349,-0.12346700515720141,6.6704754154462194,263.33981407058548
1722.000000,0.72000115214866434,6.6513519328632569,-0.12313189684667485,6.6524915632283852,262.62984004259476
1723.000000,0.71958327568195002,6.6334414074207473,-0.12278920987594702,6.6345777631847902,261.9226315635928
1724.000000,0.71916588399071923,6.6156021133603851,-0.12243954847675297,6.6167350532819116,261.21822961085354
1725.000000,0.71874897623188405,6.5978349827015572,-0.12208347608433434,6.5989643758769665,260.51667138714879
1726.000000,0.71833255156431053,6.580140858974155,-0.12172151844998512,6.5812665841762481,259.81799057571288
1727.000000,0.71791660914881295,6.5625205031513598,-0.12135416647870838,6.5636424482145372,259.12221757630056
1728.000000,0.71750114814814814,6.5449745991478112,-0.12098187881976161,6.5460926603961855,258.42937972393975
1729.000000,0.71708616772700973,6.5275037589195284,-0.12060508423469563,6.5286178406345572,257.73950149182934
1730.000000,0.71667166705202312,6.5101085271984545,-0.12022418376474871,6.5112185411230001,257.05260467968873
1731.000000,0.71625764529173885,6.4927893858913022,-0.1198395527170312,6.4938952507673058,256.36870858874516
1732.000000,0.71584410161662815,6.475546758170025,-0.11945154248682135,6.4766483993072219,255.68783018444356
1733.000000,0.71543103519907669,6.4583810122781493,-0.11906048223143076,6.459478361151473,255.00998424784819
1734.000000,0.71501844521337943,6.4412924650756542,-0.11866668040944767,6.4423854589491771,254.33518351663548
1735.000000,0.71460633083573477,6.4242813853425362,-0.11827042619773481,6.4253699669179838,253.66343881648442
1736.000000,0.71419469124423962,6.4073479968596931,-0.11787199079726421,6.4084321139477183,252.99475918360309
1737.000000,0.71378352561888303,6.390492481284153,-0.11747162863774388,6.3915720864967245,252.3291519790719
1738.000000,0.71337283314154198,6.3737149808340519,-0.11706957848999562,6.3747900312964223,251.66662299561497
1739.000000,0.71296261299597463,6.3570156007975003,-0.11666606449413282,6.3580860578783733,251.00717655736511
1740.000000,0.71255286436781606,6.340394411878516,-0.11626129711081516,6.3414602409371144,250.35081561314448
1741.000000,0.71214358644457199,6.323851452391569,-0.11585547400213682,6.3249126225404257,249.69754182372247
1742.000000,0.71173477841561417,6.3073867303160416,-0.11544878084807832,6.3084432141984284,249.04735564350042
1743.000000,0.71132643947217433,6.291000225220321,-0.11504139210389094,6.2920519988012922,248.40025639700929
1744.000000,0.71091856880733939,6.2746918900648954,-0.11463347170328028,6.2757389324350417,247.75624235059487
1745.000000,0.71051116561604577,6.2584616528929216,-0.11422517371179687,6.2595039460839619,247.11531077962587
1746.000000,0.71010422909507442,6.2423094184159895,-0.11381664293444894,6.2433469472274119,246.47745803153384
1747.000000,0.70969775844304517,6.2262350695023825,-0.11340801548117792,6.2272678213384021,245.8426795849746
1748.000000,0.70929175286041179,6.2102384685743921,-0.11299941929351708,6.2112664332905476,245.21097010537196
1749.000000,0.70888621154945675,6.194319458920897,-0.11259097463546031,6.1953426286796631,244.58232349709328
1750.000000,0.70848113371428567,6.1784778659307849,-0.11218279455129593,6.1794962350656029,243.9567329524744
1751.000000,0.70807651856082232,6.1627134982525451,-0.11177498529293008,6.1637270631397492,243.33419099791061
1752.000000,0.70767236529680355,6.1470261488847839,-0.11136764671899899,6.1480349078229075,242.71468953719989
1753.000000,0.70726867313177411,6.1314155962022783,-0.1109608726678815,6.1324195492982838,242.09821989232307
1754.000000,0.70686544127708095,6.1158816049216007,-0.11055475130654457,6.1168807539835912,241.48477284182096
1755.000000,0.70646266894586884,6.1004239270102945,-0.11014936545698424,6.1014182754463144,240.8743386569279
1756.000000,0.7060603553530751,6.0850423025430995,-0.10974479290189772,6.0860318552656389,240.26690713559915
1757.000000,0.70565849971542394,6.0697364605086088,-0.10934110667106778,6.0707212238444637,239.66246763456755
1758.000000,0.70525710125142205,6.0545061195694334,-0.10893837530984246,6.0554861011746093,239.06100909955347
1759.000000,0.70485615918135303,6.0393509887787422,-0.10853666313096114,6.0403261975580733,238.46252009373799
1760.000000,0.70445567272727272,6.0242707682559571,-0.1081360304508968,6.0252412142871838,237.86698882461513
1761.000000,0.70405564111300389,6.0092651498238929,-0.10773653381178462,6.0102308442859123,237.27440316930898
1762.000000,0.70365606356413157,5.9943338176099328,-0.10733822618992259,5.9952947727149892,236.68475069846355
1763.000000,0.70325693930799771,5.979476448613176,-0.10694115719175708,5.9804326775427512,236.09801869877825
1764.000000,0.70285826757369607,5.9646927132397254,-0.10654537323819849,5.9656442300839183,235.51419419427828
1765.000000,0.70246004759206793,5.9499822758080025,-0.10615091773804207,5.9509290955081964,234.9332639663937
1766.000000,0.70206227859569648,5.9353447950257543,-0.10575783125121765,5.93628693332038,234.35521457291227
1767.000000,0.70166495981890209,5.9207799244404962,-0.10536615164253435,5.9217173978137083,233.78003236587841
1768.000000,0.70126809049773753,5.9062873128649525,-0.10497591422653875,5.9072201384980731,233.20770350849708
1769.000000,0.70087166986998295,5.8918666047788371,-0.10458715190405919,5.892794800504384,232.63821399109816
1770.000000,0.70047569717514124,5.8775174407084334,-0.10419989529097172,5.8784410249666079,232.07154964621867
1771.000000,0.70008017165443248,5.8632394575851849,-0.10381417283967377,5.8641584493826731,231.50769616285029
1772.000000,0.69968509255079003,5.8490322890844855,-0.10343001095373372,5.8499467079554481,230.9466390999012
1773.000000,0.69929045910885501,5.8348955659458452,-0.1030474340961355,5.8358054319149719,230.38836389891674
1774.000000,0.69889627057497172,5.8208289162753708,-0.10266646489151969,5.8217342498228852,229.83285589609841
1775.000000,0.698502526197183,5.8068319658316607,-0.1022871242227872,5.8077327878601785,229.28010033366314
1776.000000,0.69810922522522523,5.7929043382959229,-0.10190943132241162,5.7938006700990483,228.73008237057616
1777.000000,0.6977163669105233,5.779045655527284,-0.10153340385878024,5.7799375187598638,228.18278709269541
1778.000000,0.69732395050618667,5.765255537804034,-0.10115905801786197,5.7661429544539686,227.6381995223571
1779.000000,0.6969319752670039,5.7515336040516063,-0.10078640858048263,5.7524165964131466,227.09630462743462
1780.000000,0.69654044044943819,5.7378794720579913,-0.10041546899546516,5.7387580627064319,226.55708732989771
1781.000000,0.69614934531162265,5.7242927586772696,-0.10004625144888135,5.7251669704449668,226.02053251390032
1782.000000,0.6957586891133557,5.7107730800219372,-0.099678766929640353,5.7116429359755898,225.48662503342251
1783.000000,0.69536847111609645,5.6973200516445548,-0.09931302529162582,5.6981855750636692,224.95534971948913
1784.000000,0.69497869058295958,5.6839332887093343,-0.098949035312583408,5.6847945030658238,224.42669138698818
1785.000000,0.69458934677871143,5.6706124061542145,-0.098586804749940457,5.6714693350930583,223.90063484111113
1786.000000,0.6942004389697648,5.6573570188438689,-0.098226340393736233,5.6582096861647972,223.37716488343403
1787.000000,0.69381196642417453,5.6441667417141437,-0.09786764811682469,5.6450151713542782,222.85626631765754
1788.000000,0.69342392841163303,5.6310411899084558,-0.097510732922499593,5.6318854059258623,222.33792395502726
1789.000000,0.69303632420346561,5.61797997890642,-0.097155598989691838,5.6188200054645296,221.82212261944659
1790.000000,0.69264915307262565,5.6049827246452191,-0.096802249715867608,5.6058185859980698,221.30884715230027
1791.000000,0.69226241429369062,5.5920490436340788,-0.096450687757758002,5.5928807641123326,220.79808241700434
1792.000000,0.69187610714285708,5.5791785530621736,-0.096100915070035584,5.5800061570598851,220.28981330329586
1793.000000,0.69149023089793638,5.566370870900311,-0.095752932942053032,5.567194382862386,219.78402473127423
1794.000000,0.69110478483835003,5.5536256159967028,-0.095406742032744879,5.5544450604070308,219.28070165520907
1795.000000,0.69071976824512527,5.5409424081671856,-0.095062342403794686,5.5417578095374092,218.77982906712691
1796.000000,0.69033518040089081,5.5283208682801055,-0.094719733551156718,5.5291322511389884,218.28139200018586
1797.000000,0.68995102058987201,5.5157606183361132,-0.094378914435023178,5.5165680072194814,217.78537553184859
1798.000000,0.68956728809788648,5.5032612815432644,-0.094039883508315256,5.5040647009844887,217.29176478686841
1799.000000,0.68918398221234012,5.4908224823875003,-0.093702638743780528,5.491621956908503,216.80054494009252
1800.000000,0.68880110222222213,5.478443846698859,-0.093367177659762865,5.4792394008016059,216.31170121909497
