solver_case_id,band,state,energy_eV,left_barrier_edge_eV,right_barrier_edge_eV,barrier_edge_eV,binding_energy_meV,bound_pass,bound_checks,centroid_nm,rms_width_nm,active_region_probability,left_padding_probability,right_padding_probability,left_boundary_probability,right_boundary_probability,left_boundary_amplitude_nm_minus_half,right_boundary_amplitude_nm_minus_half,quantum_start_nm,quantum_end_nm
Solve_00,electron,1,2.937529942754,3.3244289271371,3.3244289271371,3.3244289271371,386.89898438310036,True,"{""binding"": true, ""active_probability"": true, ""left_boundary_probability"": true, ""right_boundary_probability"": true, ""left_boundary_amplitude"": true, ""right_boundary_amplitude"": true}",63.611084677645174,1.8817929539758933,0.9817877838901864,0.017952888159113868,0.0002593279506997103,5.361788330934798e-40,7.745057884951791e-42,0.0,0.0,18.0,113.8
Solve_00,electron,2,3.045004118842,3.3244289271371,3.3244289271371,3.3244289271371,279.4248082951003,True,"{""binding"": true, ""active_probability"": true, ""left_boundary_probability"": true, ""right_boundary_probability"": true, ""left_boundary_amplitude"": true, ""right_boundary_amplitude"": true}",69.73630020171771,2.3648603794424408,0.9105060717995547,0.005035460756833466,0.08445846744361198,5.038925726665735e-35,8.451658447695127e-34,0.0,0.0,18.0,113.8
Solve_00,electron,3,3.112343906882,3.3244289271371,3.3244289271371,3.3244289271371,212.08502025510035,True,"{""binding"": true, ""active_probability"": true, ""left_boundary_probability"": true, ""right_boundary_probability"": true, ""left_boundary_amplitude"": true, ""right_boundary_amplitude"": true}",64.04022300841407,3.3245174938627904,0.9104991972808226,0.07516654951651011,0.014334253202667376,7.750673309945043e-30,1.4780525969352842e-30,0.0,0.0,18.0,113.8
Solve_00,electron,4,3.326074995444,3.3244289271371,3.3244289271371,3.3244289271371,-1.6460683068997284,False,"{""binding"": false, ""active_probability"": false, ""left_boundary_probability"": true, ""right_boundary_probability"": true, ""left_boundary_amplitude"": true, ""right_boundary_amplitude"": true}",51.35740850481099,21.931423949821433,0.009162748930606018,0.7841730691462461,0.20666418192314784,0.00016109248942113892,4.245497435457804e-05,0.0,0.0,18.0,113.8
Solve_00,electron,5,3.326308926831,3.3244289271371,3.3244289271371,3.3244289271371,-1.8799996938998476,False,"{""binding"": false, ""active_probability"": false, ""left_boundary_probability"": true, ""right_boundary_probability"": true, ""left_boundary_amplitude"": true, ""right_boundary_amplitude"": true}",81.3889828656036,22.879219654009336,0.00035298956233081663,0.20828963403984332,0.791357376397826,5.2079170727035876e-05,0.0001978650358743001,0.0,0.0,18.0,113.8
Solve_00,electron,6,3.330878872798,3.3244289271371,3.3244289271371,3.3244289271371,-6.449945660899736,False,"{""binding"": false, ""active_probability"": false, ""left_boundary_probability"": true, ""right_boundary_probability"": true, ""left_boundary_amplitude"": true, ""right_boundary_amplitude"": true}",51.60122179424695,23.229427025945803,0.041798702283133926,0.7623849832698207,0.1958163144470453,0.0006110475957920156,0.00015694575678387666,0.0,0.0,18.0,113.8
Solve_00,heavy_hole,1,1.448525453986,1.1795333333333,1.1795333333333,1.1795333333333,268.99212065269995,True,"{""binding"": true, ""active_probability"": true, ""left_boundary_probability"": true, ""right_boundary_probability"": true, ""left_boundary_amplitude"": true, ""right_boundary_amplitude"": true}",63.551022883912644,1.4800918506934593,0.9974400397887698,0.0025595245725915836,4.3563863855133564e-07,7.718519357330314e-69,3.735665421508456e-70,0.0,0.0,18.0,113.8
Solve_00,heavy_hole,2,1.415482054683,1.1795333333333,1.1795333333333,1.1795333333333,235.9487213497,True,"{""binding"": true, ""active_probability"": true, ""left_boundary_probability"": true, ""right_boundary_probability"": true, ""left_boundary_amplitude"": true, ""right_boundary_amplitude"": true}",63.87041435600455,2.5719488790799243,0.9887860397534203,0.010235949358654699,0.0009780108879251627,2.73173636310753e-64,2.56865558041379e-65,0.0,0.0,18.0,113.8
Solve_00,heavy_hole,3,1.41250217051,1.1795333333333,1.1795333333333,1.1795333333333,232.96883717670002,True,"{""binding"": true, ""active_probability"": true, ""left_boundary_probability"": true, ""right_boundary_probability"": true, ""left_boundary_amplitude"": true, ""right_boundary_amplitude"": true}",70.02564708251894,1.71225293007502,0.9769095931371999,0.0005672398365701084,0.022523167026230195,3.7418969302986267e-65,1.4493753592953523e-63,0.0,0.0,18.0,113.8
Solve_00,heavy_hole,4,1.361021037279,1.1795333333333,1.1795333333333,1.1795333333333,181.4877039456999,True,"{""binding"": true, ""active_probability"": true, ""left_boundary_probability"": true, ""right_boundary_probability"": true, ""left_boundary_amplitude"": true, ""right_boundary_amplitude"": true}",63.55995340431154,2.3555139079475595,0.9730258257937192,0.026880723606212825,9.34506000678037e-05,2.1605700179362846e-56,7.511186610269852e-59,0.0,0.0,18.0,113.8
Solve_00,heavy_hole,5,1.289979920618,1.1795333333333,1.1795333333333,1.1795333333333,110.44658728470003,True,"{""binding"": true, ""active_probability"": true, ""left_boundary_probability"": true, ""right_boundary_probability"": true, ""left_boundary_amplitude"": true, ""right_boundary_amplitude"": true}",65.35039620190383,3.6913611028331097,0.9311819746782444,0.04145952522154707,0.027358500100208513,1.8841246981675187e-44,1.243304776619351e-44,0.0,0.0,18.0,113.8
Solve_00,heavy_hole,6,1.280537159303,1.1795333333333,1.1795333333333,1.1795333333333,101.00382596969992,True,"{""binding"": true, ""active_probability"": true, ""left_boundary_probability"": true, ""right_boundary_probability"": true, ""left_boundary_amplitude"": true, ""right_boundary_amplitude"": true}",68.50278199558929,3.5488439872661637,0.8922618126429641,0.017859177675857686,0.08987900968117819,5.38958853395017e-43,2.7123918514705147e-42,0.0,0.0,18.0,113.8
Solve_01,electron,1,2.965738039135,3.3478863190369,3.3613341853871,3.3478863190369,382.1482799018998,True,"{""binding"": true, ""active_probability"": true, ""left_boundary_probability"": true, ""right_boundary_probability"": true, ""left_boundary_amplitude"": true, ""right_boundary_amplitude"": true}",63.63869373314017,1.9028004649442338,0.981846146471791,0.017874090625594682,0.0002797629026142984,1.6621945436660584e-39,1.7866508211779194e-42,0.0,0.0,18.0,113.82525
Solve_01,electron,2,3.073639313307,3.3478863190369,3.3613341853871,3.3478863190369,274.2470057299,True,"{""binding"": true, ""active_probability"": true, ""left_boundary_probability"": true, ""right_boundary_probability"": true, ""left_boundary_amplitude"": true, ""right_boundary_amplitude"": true}",69.6084807563156,2.521091235282829,0.9142760952744939,0.006059741133417873,0.07966416359208803,2.45403573138467e-34,1.379291493456139e-34,0.0,0.0,18.0,113.82525
Solve_01,electron,3,3.139309980566,3.3478863190369,3.3613341853871,3.3478863190369,208.57633847090005,True,"{""binding"": true, ""active_probability"": true, ""left_boundary_probability"": true, ""right_boundary_probability"": true, ""left_boundary_amplitude"": true, ""right_boundary_amplitude"": true}",64.189790093937,3.4237837928492194,0.9104201961019722,0.07318772568855143,0.0163920782094765,2.9340587539482666e-29,1.799579047818692e-31,0.0,0.0,18.0,113.82525
Solve_01,electron,4,3.342477646305,3.3478863190369,3.3613341853871,3.3478863190369,5.408672731900044,False,"{""binding"": true, ""active_probability"": false, ""left_boundary_probability"": false, ""right_boundary_probability"": true, ""left_boundary_amplitude"": true, ""right_boundary_amplitude"": true}",32.30133629592737,6.233746433829145,0.00015028803119770864,0.9998386208456627,1.1091123139683953e-05,0.0012775756841455531,2.832642556987732e-16,0.0,0.0,18.0,113.82525
Solve_01,electron,5,3.350076477428,3.3478863190369,3.3613341853871,3.3478863190369,-2.190158391099928,False,"{""binding"": false, ""active_probability"": false, ""left_boundary_probability"": false, ""right_boundary_probability"": true, ""left_boundary_amplitude"": true, ""right_boundary_amplitude"": true}",41.01992030200124,10.359666604386668,0.008688981455573041,0.9903877830228796,0.000923235521547549,0.0014710450139553142,5.829279216618785e-13,0.0,0.0,18.0,113.82525
Solve_01,electron,6,3.358185432761,3.3478863190369,3.3613341853871,3.3478863190369,-10.299113724100195,False,"{""binding"": false, ""active_probability"": false, ""left_boundary_probability"": false, ""right_boundary_probability"": true, ""left_boundary_amplitude"": true, ""right_boundary_amplitude"": true}",44.56796046567777,13.455243260757207,0.06630839696768158,0.9192054349569876,0.014486168075330645,0.00211600806325147,5.587769892144221e-10,0.0,0.0,18.0,113.82525
Solve_01,heavy_hole,1,1.477861053049,1.2029907252331,1.2164385915833,1.2164385915833,261.42246146569994,True,"{""binding"": true, ""active_probability"": true, ""left_boundary_probability"": true, ""right_boundary_probability"": true, ""left_boundary_amplitude"": true, ""right_boundary_amplitude"": true}",63.65155833467243,1.4937463065080123,0.9977266643696053,0.0022724501017917283,8.855286031162051e-07,2.115208562151349e-70,1.5608932116108187e-68,0.0,0.0,18.0,113.82525
Solve_01,heavy_hole,2,1.44645030455,1.2029907252331,1.2164385915833,1.2164385915833,230.01171296669986,True,"{""binding"": true, ""active_probability"": true, ""left_boundary_probability"": true, ""right_boundary_probability"": true, ""left_boundary_amplitude"": true, ""right_boundary_amplitude"": true}",68.52255719744336,3.267050496136662,0.9809691540395222,0.002642160018026576,0.016388685942450965,1.6464796753674998e-66,1.32693053769917e-62,0.0,0.0,18.0,113.82525
Solve_01,heavy_hole,3,1.444815895949,1.2029907252331,1.2164385915833,1.2164385915833,228.37730436570004,True,"{""binding"": true, ""active_probability"": true, ""left_boundary_probability"": true, ""right_boundary_probability"": true, ""left_boundary_amplitude"": true, ""right_boundary_amplitude"": true}",65.3978452316258,3.594140976190795,0.985928434967049,0.0075828249041788665,0.006488740128772316,7.562845192856608e-66,8.695845024189388e-63,0.0,0.0,18.0,113.82525
Solve_01,heavy_hole,4,1.391895160295,1.2029907252331,1.2164385915833,1.2164385915833,175.45656871170002,True,"{""binding"": true, ""active_probability"": true, ""left_boundary_probability"": true, ""right_boundary_probability"": true, ""left_boundary_amplitude"": true, ""right_boundary_amplitude"": true}",63.59308125929624,2.379187627964148,0.9742296341862937,0.025643811864819257,0.00012655394888707913,2.9147528021816336e-58,5.343815609883745e-57,0.0,0.0,18.0,113.82525
Solve_01,heavy_hole,5,1.323752753777,1.2029907252331,1.2164385915833,1.2164385915833,107.31416219369993,True,"{""binding"": true, ""active_probability"": true, ""left_boundary_probability"": true, ""right_boundary_probability"": true, ""left_boundary_amplitude"": true, ""right_boundary_amplitude"": true}",66.78264697039528,3.8825525105254592,0.9233364228169731,0.027619869495705787,0.04904370768732109,1.6863056974672933e-47,1.0560649345504847e-42,0.0,0.0,18.0,113.82525
Solve_01,heavy_hole,6,1.314725300398,1.2029907252331,1.2164385915833,1.2164385915833,98.28670881469992,True,"{""binding"": true, ""active_probability"": true, ""left_boundary_probability"": true, ""right_boundary_probability"": true, ""left_boundary_amplitude"": true, ""right_boundary_amplitude"": true}",67.10302128558052,3.9922939098415244,0.9070477327408876,0.028811899953607212,0.06414036730550512,7.386022933576336e-46,9.116674777422086e-41,0.0,0.0,18.0,113.82525
Solve_02,electron,1,3.018727332664,3.3906794574394,3.4287214411525,3.3906794574394,371.9521247754001,True,"{""binding"": true, ""active_probability"": true, ""left_boundary_probability"": true, ""right_boundary_probability"": true, ""left_boundary_amplitude"": true, ""right_boundary_amplitude"": true}",63.59842147917418,1.8872811537992826,0.981244326390327,0.018549074370615825,0.0001957879756184072,1.720392963504901e-38,9.45181129271863e-44,0.0,0.0,18.0,113.87263399999999
Solve_02,electron,2,3.134655403248,3.3906794574394,3.4287214411525,3.3906794574394,256.0240541914003,True,"{""binding"": true, ""active_probability"": true, ""left_boundary_probability"": true, ""right_boundary_probability"": true, ""left_boundary_amplitude"": true, ""right_boundary_amplitude"": true}",69.55332786355468,2.6530396001352536,0.9101326931690321,0.007319568836075509,0.07888498429496946,1.3954387974715753e-32,1.8013766523978825e-35,0.0,0.0,18.0,113.87263399999999
Solve_02,electron,3,3.191618842326,3.3906794574394,3.4287214411525,3.3906794574394,199.06061511340002,True,"{""binding"": true, ""active_probability"": true, ""left_boundary_probability"": true, ""right_boundary_probability"": true, ""left_boundary_amplitude"": true, ""right_boundary_amplitude"": true}",64.34554716796892,3.526809598121245,0.9086854081080846,0.07222685965933995,0.018327632464242728,6.29217627500715e-28,6.252535843034513e-33,0.0,0.0,18.0,113.87263399999999
Solve_02,electron,4,3.367389245485,3.3906794574394,3.4287214411525,3.3906794574394,23.290211954400064,False,"{""binding"": true, ""active_probability"": false, ""left_boundary_probability"": false, ""right_boundary_probability"": true, ""left_boundary_amplitude"": true, ""right_boundary_amplitude"": true}",28.23442881135357,4.4574042191680014,2.090662426860044e-07,0.9999997848286668,5.985764974526286e-09,0.0035528929582675445,2.808280720371577e-26,0.0,0.0,18.0,113.87263399999999
Solve_02,electron,5,3.381863307322,3.3906794574394,3.4287214411525,3.3906794574394,8.816150117400223,False,"{""binding"": true, ""active_probability"": false, ""left_boundary_probability"": false, ""right_boundary_probability"": true, ""left_boundary_amplitude"": true, ""right_boundary_amplitude"": true}",35.664544199311784,7.775989433487591,0.00010848730956553838,0.9998874640766954,3.980541937484607e-06,0.003500304302560723,6.874337660400229e-22,0.0,0.0,18.0,113.87263399999999
Solve_02,electron,6,3.393913661143,3.3906794574394,3.4287214411525,3.3906794574394,-3.234203703599725,False,"{""binding"": false, ""active_probability"": false, ""left_boundary_probability"": false, ""right_boundary_probability"": true, ""left_boundary_amplitude"": true, ""right_boundary_amplitude"": true}",41.151103998981505,10.346012392881502,0.0048728681773684505,0.9948901360242948,0.0002336351177145437,0.003631061812531986,1.1025484457102718e-18,0.0,0.0,18.0,113.87263399999999
Solve_02,heavy_hole,1,1.531156187567,1.2457838636357,1.2838258473488,1.2838258473488,247.3303402181999,True,"{""binding"": true, ""active_probability"": true, ""left_boundary_probability"": true, ""right_boundary_probability"": true, ""left_boundary_amplitude"": true, ""right_boundary_amplitude"": true}",63.77831087761389,1.4942015732186849,0.9981045588014705,0.0018939577416861738,1.3526322435855816e-06,8.508767368809136e-73,8.369356507073827e-63,0.0,0.0,18.0,113.87263399999999
Solve_02,heavy_hole,2,1.503787446159,1.2457838636357,1.2838258473488,1.2838258473488,219.96159881019994,True,"{""binding"": true, ""active_probability"": true, ""left_boundary_probability"": true, ""right_boundary_probability"": true, ""left_boundary_amplitude"": true, ""right_boundary_amplitude"": true}",70.32310044751804,1.1664597254001086,0.9738545840358117,0.00012788843945952635,0.023843012464066293,8.952550937950025e-71,1.0597394160631562e-59,0.0,0.0,18.0,113.87263399999999
Solve_02,heavy_hole,3,1.498524831024,1.2457838636357,1.2838258473488,1.2838258473488,214.69898367520003,True,"{""binding"": true, ""active_probability"": true, ""left_boundary_probability"": true, ""right_boundary_probability"": true, ""left_boundary_amplitude"": true, ""right_boundary_amplitude"": true}",63.65951833448392,2.3631606652270793,0.9899865259838364,0.00950212385483886,0.00046908267594929123,2.83924489284508e-68,1.3846981202131008e-60,0.0,0.0,18.0,113.87263399999999
Solve_02,heavy_hole,4,1.445547279417,1.2457838636357,1.2838258473488,1.2838258473488,161.72143206819987,True,"{""binding"": true, ""active_probability"": true, ""left_boundary_probability"": true, ""right_boundary_probability"": true, ""left_boundary_amplitude"": true, ""right_boundary_amplitude"": true}",63.58696086961638,2.3820928235695358,0.9751896436067986,0.024689046192241472,0.00011249666236428706,4.111080896320971e-61,2.9750974538323284e-53,0.0,0.0,18.0,113.87263399999999
Solve_02,heavy_hole,5,1.37801713472,1.2457838636357,1.2838258473488,1.2838258473488,94.19128737120008,True,"{""binding"": true, ""active_probability"": true, ""left_boundary_probability"": true, ""right_boundary_probability"": true, ""left_boundary_amplitude"": true, ""right_boundary_amplitude"": true}",67.21792554124978,3.8782437580182254,0.9137824145956898,0.02358545111583277,0.05905931187253326,3.792731782849513e-51,1.2764569001355922e-37,0.0,0.0,18.0,113.87263399999999
Solve_02,heavy_hole,6,1.36955803617,1.2457838636357,1.2838258473488,1.2838258473488,85.73218882119993,True,"{""binding"": true, ""active_probability"": true, ""left_boundary_probability"": true, ""right_boundary_probability"": true, ""left_boundary_amplitude"": true, ""right_boundary_amplitude"": true}",66.76134017122531,4.047192868699957,0.9048037241861748,0.030611316754200635,0.06104972664827519,1.2452665183944305e-49,1.258051820473429e-35,0.0,0.0,18.0,113.87263399999999
Solve_03,electron,1,3.01063264741,3.3833216326145,3.4170155680014,3.3833216326145,372.6889852044999,True,"{""binding"": true, ""active_probability"": true, ""left_boundary_probability"": true, ""right_boundary_probability"": true, ""left_boundary_amplitude"": true, ""right_boundary_amplitude"": true}",63.560404942382576,1.8763974126487033,0.9808324701766892,0.018940240005521487,0.0002272898177893657,1.3202717089924116e-38,1.915581608884786e-43,0.0,0.0,18.0,113.76557
Solve_03,electron,2,3.123653895282,3.3833216326145,3.4170155680014,3.3833216326145,259.6677373324998,True,"{""binding"": true, ""active_probability"": true, ""left_boundary_probability"": true, ""right_boundary_probability"": true, ""left_boundary_amplitude"": true, ""right_boundary_amplitude"": true}",69.54973067190113,2.51937082166534,0.9136193055998116,0.00646482949522964,0.0799158649049588,5.8207531431095645e-33,2.451621753669586e-35,0.0,0.0,18.0,113.76557
Solve_03,electron,3,3.186674702336,3.3833216326145,3.4170155680014,3.3833216326145,196.6469302784999,True,"{""binding"": true, ""active_probability"": true, ""left_boundary_probability"": true, ""right_boundary_probability"": true, ""left_boundary_amplitude"": true, ""right_boundary_amplitude"": true}",64.17327477032971,3.424103250645176,0.9076339938293707,0.07573487521376863,0.01663113095686077,7.2540583015890655e-28,1.79671287598423e-32,0.0,0.0,18.0,113.76557
Solve_03,electron,4,3.363306094627,3.3833216326145,3.4170155680014,3.3833216326145,20.015537987499776,False,"{""binding"": true, ""active_probability"": false, ""left_boundary_probability"": false, ""right_boundary_probability"": true, ""left_boundary_amplitude"": true, ""right_boundary_amplitude"": true}",28.63328980001934,4.6355200628498565,4.6823561574940376e-07,0.9999995161316689,1.563271537878688e-08,0.0031634968348890984,7.148990334161926e-25,0.0,0.0,18.0,113.76557
Solve_03,electron,5,3.376695760848,3.3833216326145,3.4170155680014,3.3833216326145,6.62587176649998,False,"{""binding"": true, ""active_probability"": false, ""left_boundary_probability"": false, ""right_boundary_probability"": true, ""left_boundary_amplitude"": true, ""right_boundary_amplitude"": true}",36.325515492590704,8.064477916146261,0.00017470859153604864,0.9998177124895742,7.578918889904396e-06,0.00312987459321753,1.2018803437806268e-20,0.0,0.0,18.0,113.76557
Solve_03,electron,6,3.388026695391,3.3833216326145,3.4170155680014,3.3833216326145,-4.7050627764999575,False,"{""binding"": false, ""active_probability"": false, ""left_boundary_probability"": false, ""right_boundary_probability"": true, ""left_boundary_amplitude"": true, ""right_boundary_amplitude"": true}",41.53107015672119,10.600887029212508,0.005418574565141843,0.9942671010356025,0.0003143243992557944,0.0033862946647164305,1.3876113677171825e-17,0.0,0.0,18.0,113.76557
Solve_03,heavy_hole,1,1.521653221543,1.2384260388107,1.2721199741976,1.2721199741976,249.53324734540016,True,"{""binding"": true, ""active_probability"": true, ""left_boundary_probability"": true, ""right_boundary_probability"": true, ""left_boundary_amplitude"": true, ""right_boundary_amplitude"": true}",63.699086119855046,1.4770383428283123,0.9979518903279776,0.0020467120421976187,1.3976298248622746e-06,2.5117109940662583e-72,2.3135902388204574e-66,0.0,0.0,18.0,113.76557
Solve_03,heavy_hole,2,1.494074164238,1.2384260388107,1.2721199741976,1.2721199741976,221.95419004040008,True,"{""binding"": true, ""active_probability"": true, ""left_boundary_probability"": true, ""right_boundary_probability"": true, ""left_boundary_amplitude"": true, ""right_boundary_amplitude"": true}",70.21464862617839,1.1294784495351071,0.9765061171572148,0.00012021179342223197,0.023373671049362922,2.518068760807808e-70,2.9431955729727076e-60,0.0,0.0,18.0,113.76557
Solve_03,heavy_hole,3,1.488233162371,1.2384260388107,1.2721199741976,1.2721199741976,216.11318817339998,True,"{""binding"": true, ""active_probability"": true, ""left_boundary_probability"": true, ""right_boundary_probability"": true, ""left_boundary_amplitude"": true, ""right_boundary_amplitude"": true}",63.603348460138974,2.32287810944605,0.9895604950820474,0.01001497962764747,0.0004245252903051928,1.0697638866081176e-67,4.198947947620141e-61,0.0,0.0,18.0,113.76557
Solve_03,heavy_hole,4,1.433949638055,1.2384260388107,1.2721199741976,1.2721199741976,161.82966385740016,True,"{""binding"": true, ""active_probability"": true, ""left_boundary_probability"": true, ""right_boundary_probability"": true, ""left_boundary_amplitude"": true, ""right_boundary_amplitude"": true}",63.541020491664135,2.358213721118206,0.9739595806921703,0.025909386030348962,0.00013103327748088944,2.7140287370206014e-60,1.6890610624431523e-53,0.0,0.0,18.0,113.76557
Solve_03,heavy_hole,5,1.368023080148,1.2384260388107,1.2721199741976,1.2721199741976,95.90310595040008,True,"{""binding"": true, ""active_probability"": true, ""left_boundary_probability"": true, ""right_boundary_probability"": true, ""left_boundary_amplitude"": true, ""right_boundary_amplitude"": true}",68.64311183166211,3.3046765842773014,0.9030331108980724,0.012562527987976826,0.08440436111395072,1.0185774603470937e-50,2.86068058930449e-38,0.0,0.0,18.0,113.76557
Solve_03,heavy_hole,6,1.357769468708,1.2384260388107,1.2721199741976,1.2721199741976,85.64949451040005,True,"{""binding"": true, ""active_probability"": true, ""left_boundary_probability"": true, ""right_boundary_probability"": true, ""left_boundary_amplitude"": true, ""right_boundary_amplitude"": true}",65.16597089940717,3.74231040804906,0.9221027201002874,0.04473921937109372,0.03315806052861888,1.9582313162519387e-48,2.5144049341374232e-36,0.0,0.0,18.0,113.76557
Solve_04,electron,1,2.991821075099,3.3682999040583,3.3935944488537,3.3682999040583,376.47882895929996,True,"{""binding"": true, ""active_probability"": true, ""left_boundary_probability"": true, ""right_boundary_probability"": true, ""left_boundary_amplitude"": true, ""right_boundary_amplitude"": true}",63.5755866354179,1.873003433232618,0.981200010336306,0.018617048999519853,0.0001829406641741267,5.622031706190891e-39,3.627899225392441e-43,0.0,0.0,18.0,113.993158
Solve_04,electron,2,3.100283677585,3.3682999040583,3.3935944488537,3.3682999040583,268.0162264733004,True,"{""binding"": true, ""active_probability"": true, ""left_boundary_probability"": true, ""right_boundary_probability"": true, ""left_boundary_amplitude"": true, ""right_boundary_amplitude"": true}",69.93706257924461,2.289267236422302,0.915081970364656,0.0044910230261049015,0.08042700660923907,7.959475888882604e-34,3.817483357689597e-35,0.0,0.0,18.0,113.993158
Solve_04,electron,3,3.164809050009,3.3682999040583,3.3935944488537,3.3682999040583,203.4908540493001,True,"{""binding"": true, ""active_probability"": true, ""left_boundary_probability"": true, ""right_boundary_probability"": true, ""left_boundary_amplitude"": true, ""right_boundary_amplitude"": true}",64.01403515290289,3.298852266094319,0.9121127232661556,0.07583144220364049,0.012055834530203985,1.400964236383383e-28,2.615957619798675e-32,0.0,0.0,18.0,113.993158
Solve_04,electron,4,3.354763541672,3.3682999040583,3.3935944488537,3.3682999040583,13.536362386300294,False,"{""binding"": true, ""active_probability"": false, ""left_boundary_probability"": false, ""right_boundary_probability"": true, ""left_boundary_amplitude"": true, ""right_boundary_amplitude"": true}",29.700929721929004,5.110937547733268,4.524381118133661e-06,0.9999952966331385,1.7898574329212335e-07,0.002365342280431798,1.1600037417825583e-21,0.0,0.0,18.0,113.993158
Solve_04,electron,5,3.365807233671,3.3682999040583,3.3935944488537,3.3682999040583,2.4926703873000555,False,"{""binding"": false, ""active_probability"": false, ""left_boundary_probability"": false, ""right_boundary_probability"": true, ""left_boundary_amplitude"": true, ""right_boundary_amplitude"": true}",38.00482974192112,8.808935164848032,0.0009388758985085376,0.9990108227872345,5.0301314256988675e-05,0.0023835762536073006,9.687324499530208e-18,0.0,0.0,18.0,113.993158
Solve_04,electron,6,3.375632080196,3.3682999040583,3.3935944488537,3.3682999040583,-7.332176137699875,False,"{""binding"": false, ""active_probability"": false, ""left_boundary_probability"": false, ""right_boundary_probability"": true, ""left_boundary_amplitude"": true, ""right_boundary_amplitude"": true}",42.69560986196314,11.474747375662233,0.017166776375891674,0.9815012868626237,0.0013319367614843943,0.0028318545116550603,7.689250503562445e-15,0.0,0.0,18.0,113.993158
Solve_04,heavy_hole,1,1.503063216136,1.2234043102545,1.24869885505,1.24869885505,254.36436108600003,True,"{""binding"": true, ""active_probability"": true, ""left_boundary_probability"": true, ""right_boundary_probability"": true, ""left_boundary_amplitude"": true, ""right_boundary_amplitude"": true}",63.67489542794322,1.4822410915713706,0.9978529104410179,0.0021463972678641566,6.922911179178965e-07,1.7033741961348064e-71,7.987321798902964e-67,0.0,0.0,18.0,113.993158
Solve_04,heavy_hole,2,1.475274035187,1.2234043102545,1.24869885505,1.24869885505,226.57518013699996,True,"{""binding"": true, ""active_probability"": true, ""left_boundary_probability"": true, ""right_boundary_probability"": true, ""left_boundary_amplitude"": true, ""right_boundary_amplitude"": true}",70.43042985012649,1.0536594297946882,0.97787922167043,8.609209177203508e-05,0.02203468623779798,1.322979122867809e-69,2.2062442520237878e-61,0.0,0.0,18.0,113.993158
Solve_04,heavy_hole,3,1.46993431218,1.2234043102545,1.24869885505,1.24869885505,221.23545712999993,True,"{""binding"": true, ""active_probability"": true, ""left_boundary_probability"": true, ""right_boundary_probability"": true, ""left_boundary_amplitude"": true, ""right_boundary_amplitude"": true}",63.59970192854206,2.29653650933317,0.989607822590889,0.010114095599371755,0.00027808180973925217,7.017219005164739e-67,1.4498456018834837e-62,0.0,0.0,18.0,113.993158
Solve_04,heavy_hole,4,1.415948340169,1.2234043102545,1.24869885505,1.24869885505,167.24948511900007,True,"{""binding"": true, ""active_probability"": true, ""left_boundary_probability"": true, ""right_boundary_probability"": true, ""left_boundary_amplitude"": true, ""right_boundary_amplitude"": true}",63.5552597090241,2.3601875222695634,0.9740224919594049,0.025893295225462337,8.42128151327335e-05,2.03417136907532e-59,3.789117993519646e-55,0.0,0.0,18.0,113.993158
Solve_04,heavy_hole,5,1.352183685587,1.2234043102545,1.24869885505,1.24869885505,103.48483053699997,True,"{""binding"": true, ""active_probability"": true, ""left_boundary_probability"": true, ""right_boundary_probability"": true, ""left_boundary_amplitude"": true, ""right_boundary_amplitude"": true}",69.59167519919993,2.732876138878521,0.9013059390474174,0.0064744376096748145,0.09221962334290798,2.6173545154226365e-50,1.1795502696006267e-40,0.0,0.0,18.0,113.993158
Solve_04,heavy_hole,6,1.341391999445,1.2234043102545,1.24869885505,1.24869885505,92.69314439500009,True,"{""binding"": true, ""active_probability"": true, ""left_boundary_probability"": true, ""right_boundary_probability"": true, ""left_boundary_amplitude"": true, ""right_boundary_amplitude"": true}",64.43288225304374,3.3692638151342287,0.9327156445780866,0.05031148449224888,0.016972870929664395,1.4495626531947527e-47,4.332235413734946e-39,0.0,0.0,18.0,113.993158
Solve_05,electron,1,3.063205574416,3.4251127299058,3.482705409491,3.4251127299058,361.9071554898001,True,"{""binding"": true, ""active_probability"": true, ""left_boundary_probability"": true, ""right_boundary_probability"": true, ""left_boundary_amplitude"": true, ""right_boundary_amplitude"": true}",63.483065148080776,1.848084054587764,0.9797617647784781,0.020079294719056406,0.00015894050246543487,1.5647222903528696e-37,1.2633222063653114e-44,0.0,0.0,18.0,113.759999
Solve_05,electron,2,3.183513630971,3.4251127299058,3.482705409491,3.4251127299058,241.59909893480025,True,"{""binding"": true, ""active_probability"": true, ""left_boundary_probability"": true, ""right_boundary_probability"": true, ""left_boundary_amplitude"": true, ""right_boundary_amplitude"": true}",69.53983572347968,2.536481041346396,0.9123085809643334,0.006997555827697245,0.08069386320796915,3.4759430145230995e-31,3.795887432575928e-36,0.0,0.0,18.0,113.759999
Solve_05,electron,3,3.240843977353,3.4251127299058,3.482705409491,3.4251127299058,184.2687525528004,True,"{""binding"": true, ""active_probability"": true, ""left_boundary_probability"": true, ""right_boundary_probability"": true, ""left_boundary_amplitude"": true, ""right_boundary_amplitude"": true}",64.18542419389422,3.443433885428076,0.9053923116949394,0.07775536881608054,0.016852319488980184,3.142180838172461e-26,1.0588705201682401e-33,0.0,0.0,18.0,113.759999
Solve_05,electron,4,3.385890347249,3.4251127299058,3.482705409491,3.4251127299058,39.222382656800114,False,"{""binding"": true, ""active_probability"": false, ""left_boundary_probability"": false, ""right_boundary_probability"": true, ""left_boundary_amplitude"": true, ""right_boundary_amplitude"": true}",26.936130974746387,3.876993989787498,2.992279560728875e-09,0.9999999969522818,5.543873139008875e-11,0.005362295451453067,2.576319758734151e-32,0.0,0.0,18.0,113.759999
Solve_05,electron,5,3.405013911516,3.4251127299058,3.482705409491,3.4251127299058,20.09881838980032,False,"{""binding"": true, ""active_probability"": false, ""left_boundary_probability"": false, ""right_boundary_probability"": true, ""left_boundary_amplitude"": true, ""right_boundary_amplitude"": true}",33.418911698288284,6.777742331345703,3.150985410234677e-06,0.9999967759330102,7.3081579617745e-08,0.005243278862456718,1.5884582528912377e-27,0.0,0.0,18.0,113.759999
Solve_05,electron,6,3.420700565621,3.4251127299058,3.482705409491,3.4251127299058,4.412164284800291,False,"{""binding"": false, ""active_probability"": false, ""left_boundary_probability"": false, ""right_boundary_probability"": true, ""left_boundary_amplitude"": true, ""right_boundary_amplitude"": true}",38.626367768368844,9.1088312487825,0.0003037287821673632,0.9996874067836421,8.864434190488891e-06,0.005188603163606363,5.899311474484578e-24,0.0,0.0,18.0,113.759999
Solve_05,heavy_hole,1,1.573413372105,1.280217136102,1.3378098156872,1.3378098156872,235.60355641780006,True,"{""binding"": true, ""active_probability"": true, ""left_boundary_probability"": true, ""right_boundary_probability"": true, ""left_boundary_amplitude"": true, ""right_boundary_amplitude"": true}",63.76489795646468,1.4603266967105548,0.998209006482459,0.00178893334196047,2.0601755805639597e-06,1.585442587632589e-74,2.159875259730093e-56,0.0,0.0,18.0,113.759999
Solve_05,heavy_hole,2,1.550357073514,1.280217136102,1.3378098156872,1.3378098156872,212.54725782679995,True,"{""binding"": true, ""active_probability"": true, ""left_boundary_probability"": true, ""right_boundary_probability"": true, ""left_boundary_amplitude"": true, ""right_boundary_amplitude"": true}",70.31440637641899,0.8566352987794312,0.9749374541913013,2.2867386331237888e-05,0.02503967842236726,7.760341990234502e-74,2.105859819742355e-57,0.0,0.0,18.0,113.759999
Solve_05,heavy_hole,3,1.539326829353,1.280217136102,1.3378098156872,1.3378098156872,201.5170136658,True,"{""binding"": true, ""active_probability"": true, ""left_boundary_probability"": true, ""right_boundary_probability"": true, ""left_boundary_amplitude"": true, ""right_boundary_amplitude"": true}",63.47189347753517,2.1971486806482,0.9900037555372839,0.0098801636857692,0.00011608077694700306,6.451776889523926e-70,6.078397834634537e-57,0.0,0.0,18.0,113.759999
Solve_05,heavy_hole,4,1.484195801481,1.280217136102,1.3378098156872,1.3378098156872,146.3859857937999,True,"{""binding"": true, ""active_probability"": true, ""left_boundary_probability"": true, ""right_boundary_probability"": true, ""left_boundary_amplitude"": true, ""right_boundary_amplitude"": true}",63.494890792334374,2.3395934121534756,0.9739741294868174,0.02590681785637303,0.000119052656809652,1.1601589695586189e-62,4.3255486974588154e-49,0.0,0.0,18.0,113.759999
Solve_05,heavy_hole,5,1.420920022189,1.280217136102,1.3378098156872,1.3378098156872,83.1102065017999,True,"{""binding"": true, ""active_probability"": true, ""left_boundary_probability"": true, ""right_boundary_probability"": true, ""left_boundary_amplitude"": true, ""right_boundary_amplitude"": true}",69.5424936602093,2.58823849066447,0.8877713163799884,0.005703272707562496,0.10652541091244916,2.5960586148366296e-54,2.442250956895266e-32,0.0,0.0,18.0,113.759999
Solve_05,heavy_hole,6,1.408101766004,1.280217136102,1.3378098156872,1.3378098156872,70.29195031680003,True,"{""binding"": true, ""active_probability"": true, ""left_boundary_probability"": true, ""right_boundary_probability"": true, ""left_boundary_amplitude"": true, ""right_boundary_amplitude"": true}",64.26685809499511,3.261188306202637,0.9305338615503913,0.05173291699693821,0.017733221452670676,2.536657257689427e-51,2.494278373177959e-29,0.0,0.0,18.0,113.759999
Solve_06,electron,1,3.041098559633,3.4080203581841,3.4558443098035,3.4080203581841,366.92179855110044,True,"{""binding"": true, ""active_probability"": true, ""left_boundary_probability"": true, ""right_boundary_probability"": true, ""left_boundary_amplitude"": true, ""right_boundary_amplitude"": true}",63.5395374056184,1.8650680741075694,0.9805296744762606,0.019298561677010672,0.00017176384672882788,5.165953699660193e-38,3.337126478535649e-44,0.0,0.0,18.0,113.765129
Solve_06,electron,2,3.16251601798,3.4080203581841,3.4558443098035,3.4080203581841,245.5043402041004,True,"{""binding"": true, ""active_probability"": true, ""left_boundary_probability"": true, ""right_boundary_probability"": true, ""left_boundary_amplitude"": true, ""right_boundary_amplitude"": true}",69.42603669670375,2.699398782727927,0.9109420049067252,0.008211564753230993,0.08084643034004409,1.2568356115738214e-31,1.2396372195944105e-35,0.0,0.0,18.0,113.765129
Solve_06,electron,3,3.216765710375,3.4080203581841,3.4558443098035,3.4080203581841,191.2546478091004,True,"{""binding"": true, ""active_probability"": true, ""left_boundary_probability"": true, ""right_boundary_probability"": true, ""left_boundary_amplitude"": true, ""right_boundary_amplitude"": true}",64.36918706138559,3.5510021696943608,0.906165524921682,0.07386269841597147,0.019971776662346535,4.535144922204513e-27,3.0534939050135374e-33,0.0,0.0,18.0,113.765129
Solve_06,electron,4,3.376814344217,3.4080203581841,3.4558443098035,3.4080203581841,31.206013967099988,False,"{""binding"": true, ""active_probability"": false, ""left_boundary_probability"": false, ""right_boundary_probability"": true, ""left_boundary_amplitude"": true, ""right_boundary_amplitude"": true}",27.490974166466287,4.125073198161307,2.1443526847657096e-08,0.9999999780774215,4.790519517563011e-10,0.004466697999104301,1.7635406870067255e-29,0.0,0.0,18.0,113.765129
Solve_06,electron,5,3.393709012982,3.4080203581841,3.4558443098035,3.4080203581841,14.311345202100423,False,"{""binding"": true, ""active_probability"": false, ""left_boundary_probability"": false, ""right_boundary_probability"": true, ""left_boundary_amplitude"": true, ""right_boundary_amplitude"": true}",34.38454755787328,7.207773404914584,1.659154675649268e-05,0.9999829450637855,4.633894580833328e-07,0.004380755550615891,7.171896354634018e-25,0.0,0.0,18.0,113.765129
Solve_06,electron,6,3.407621973702,3.4080203581841,3.4558443098035,3.4080203581841,0.39838448210005595,False,"{""binding"": false, ""active_probability"": false, ""left_boundary_probability"": false, ""right_boundary_probability"": true, ""left_boundary_amplitude"": true, ""right_boundary_amplitude"": true}",39.77102343886284,9.640162087046257,0.0011315736064085686,0.9988284951800446,3.993121354680793e-05,0.004401627371438503,1.782303571221619e-21,0.0,0.0,18.0,113.765129
Solve_06,heavy_hole,1,1.5524675911,1.2631247643803,1.3109487159997,1.3109487159997,241.51887510030014,True,"{""binding"": true, ""active_probability"": true, ""left_boundary_probability"": true, ""right_boundary_probability"": true, ""left_boundary_amplitude"": true, ""right_boundary_amplitude"": true}",63.776044600108236,1.4777847784775242,0.9981656941639739,0.00183278211858307,1.5237174430162164e-06,1.1171772370795276e-73,2.738330312225651e-60,0.0,0.0,18.0,113.765129
Solve_06,heavy_hole,2,1.525647407065,1.2631247643803,1.3109487159997,1.3109487159997,214.69869106529993,True,"{""binding"": true, ""active_probability"": true, ""left_boundary_probability"": true, ""right_boundary_probability"": true, ""left_boundary_amplitude"": true, ""right_boundary_amplitude"": true}",70.29827448701732,1.020696228805716,0.9742347947744469,7.696025465820327e-05,0.02568824497089484,5.521418006979178e-72,3.023624936069329e-58,0.0,0.0,18.0,113.765129
Solve_06,heavy_hole,3,1.519152182792,1.2631247643803,1.3109487159997,1.3109487159997,208.20346679230005,True,"{""binding"": true, ""active_probability"": true, ""left_boundary_probability"": true, ""right_boundary_probability"": true, ""left_boundary_amplitude"": true, ""right_boundary_amplitude"": true}",63.56847699585204,2.2850958794753593,0.9900141878846815,0.009665196616142827,0.0003206154991754997,4.0534376883669825e-69,6.803175621341446e-59,0.0,0.0,18.0,113.765129
Solve_06,heavy_hole,4,1.465164670887,1.2631247643803,1.3109487159997,1.3109487159997,154.21595488730011,True,"{""binding"": true, ""active_probability"": true, ""left_boundary_probability"": true, ""right_boundary_probability"": true, ""left_boundary_amplitude"": true, ""right_boundary_amplitude"": true}",63.54119362024868,2.3602768481219614,0.974649623566529,0.025241135448510765,0.00010924098496040979,6.379085384382276e-62,2.810406648844386e-51,0.0,0.0,18.0,113.765129
Solve_06,heavy_hole,5,1.396065090407,1.2631247643803,1.3109487159997,1.3109487159997,85.11637440730001,True,"{""binding"": true, ""active_probability"": true, ""left_boundary_probability"": true, ""right_boundary_probability"": true, ""left_boundary_amplitude"": true, ""right_boundary_amplitude"": true}",66.89174968304272,3.8887709896390263,0.9150829933146132,0.026428997260799163,0.05848800942458777,7.856859928947424e-52,2.3156193692284587e-34,0.0,0.0,18.0,113.765129
Solve_06,heavy_hole,6,1.387594024206,1.2631247643803,1.3109487159997,1.3109487159997,76.64530820630011,True,"{""binding"": true, ""active_probability"": true, ""left_boundary_probability"": true, ""right_boundary_probability"": true, ""left_boundary_amplitude"": true, ""right_boundary_amplitude"": true}",66.98457164789028,4.017924513807474,0.8994956699359293,0.02930039778360203,0.07120393228046873,2.1094138446404595e-50,4.810687978869281e-32,0.0,0.0,18.0,113.765129
Solve_07,electron,1,2.941955968222,3.3274135858088,3.3291149526728,3.3274135858088,385.4576175868001,True,"{""binding"": true, ""active_probability"": true, ""left_boundary_probability"": true, ""right_boundary_probability"": true, ""left_boundary_amplitude"": true, ""right_boundary_amplitude"": true}",63.58005182051522,1.8755769776789537,0.9813493312785133,0.0183400991571646,0.0002945622075775067,6.931124809767493e-40,7.917201955329492e-42,0.0,0.0,18.0,113.65866899999999
Solve_07,electron,2,3.050185058851,3.3274135858088,3.3291149526728,3.3274135858088,277.2285269578001,True,"{""binding"": true, ""active_probability"": true, ""left_boundary_probability"": true, ""right_boundary_probability"": true, ""left_boundary_amplitude"": true, ""right_boundary_amplitude"": true}",69.57652626885482,2.393548451968301,0.9057653278736264,0.005473747932579072,0.08485697090869611,7.965649690705991e-35,8.262987845891897e-34,0.0,0.0,18.0,113.65866899999999
Solve_07,electron,3,3.11980836225,3.3274135858088,3.3291149526728,3.3274135858088,207.60522355879996,True,"{""binding"": true, ""active_probability"": true, ""left_boundary_probability"": true, ""right_boundary_probability"": true, ""left_boundary_amplitude"": true, ""right_boundary_amplitude"": true}",64.02436221709692,3.3253864829669895,0.9068772102135241,0.07701591120253666,0.01549078072848796,1.7118884395445274e-29,2.1662702625000854e-30,0.0,0.0,18.0,113.65866899999999
Solve_07,electron,4,3.328473747352,3.3274135858088,3.3291149526728,3.3274135858088,-1.060161543199989,False,"{""binding"": false, ""active_probability"": false, ""left_boundary_probability"": true, ""right_boundary_probability"": true, ""left_boundary_amplitude"": true, ""right_boundary_amplitude"": true}",38.869037415691565,8.06524298203595,0.0031260462748469693,0.9958155896127494,0.0010553762475413338,0.000314259941255231,9.619651472649795e-09,0.0,0.0,18.0,113.65866899999999
Solve_07,electron,5,3.331589428591,3.3274135858088,3.3291149526728,3.3274135858088,-4.175842782200068,False,"{""binding"": false, ""active_probability"": false, ""left_boundary_probability"": true, ""right_boundary_probability"": true, ""left_boundary_amplitude"": true, ""right_boundary_amplitude"": true}",90.34281424182491,8.980969710362327,0.002622290349514416,0.008341085745103248,0.9890291665926196,5.584497367621961e-06,0.0001671076128781317,0.0,0.0,18.0,113.65866899999999
Solve_07,electron,6,3.333680164663,3.3274135858088,3.3291149526728,3.3274135858088,-6.266578854199789,False,"{""binding"": false, ""active_probability"": false, ""left_boundary_probability"": true, ""right_boundary_probability"": true, ""left_boundary_amplitude"": true, ""right_boundary_amplitude"": true}",42.1214231900928,13.955615276347276,0.019953078915293777,0.9606359839446448,0.019390939714882417,0.0009147810931919689,8.851446506628545e-06,0.0,0.0,18.0,113.65866899999999
Solve_07,heavy_hole,1,1.452033590461,1.1825179920051,1.184219358869,1.184219358869,267.814231592,True,"{""binding"": true, ""active_probability"": true, ""left_boundary_probability"": true, ""right_boundary_probability"": true, ""left_boundary_amplitude"": true, ""right_boundary_amplitude"": true}",63.52375535027883,1.46790899136001,0.9974007459709181,0.002598624320716598,5.730764814841282e-07,1.0175334562767722e-68,1.2300842600652743e-68,0.0,0.0,18.0,113.65866899999999
Solve_07,heavy_hole,2,1.418496274589,1.1825179920051,1.184219358869,1.184219358869,234.27691571999998,True,"{""binding"": true, ""active_probability"": true, ""left_boundary_probability"": true, ""right_boundary_probability"": true, ""left_boundary_amplitude"": true, ""right_boundary_amplitude"": true}",64.08864963144303,2.794262631896853,0.9879338349506164,0.010031760856336249,0.0018627501222431065,2.176686990514379e-64,1.0168430533546982e-64,0.0,0.0,18.0,113.65866899999999
Solve_07,heavy_hole,3,1.415983428918,1.1825179920051,1.184219358869,1.184219358869,231.76407004900003,True,"{""binding"": true, ""active_probability"": true, ""left_boundary_probability"": true, ""right_boundary_probability"": true, ""left_boundary_amplitude"": true, ""right_boundary_amplitude"": true}",69.64052959782661,2.1359286917258844,0.9748468639158467,0.0010333092496715673,0.0220951552946129,4.7737132649841596e-65,2.5011500401824776e-63,0.0,0.0,18.0,113.65866899999999
Solve_07,heavy_hole,4,1.363062604867,1.1825179920051,1.184219358869,1.184219358869,178.84324599800004,True,"{""binding"": true, ""active_probability"": true, ""left_boundary_probability"": true, ""right_boundary_probability"": true, ""left_boundary_amplitude"": true, ""right_boundary_amplitude"": true}",63.525985245732215,2.3402926952698246,0.9722643142045135,0.027610363878071677,0.00011602989448001382,2.4184875342012778e-56,2.9019793839324647e-58,0.0,0.0,18.0,113.65866899999999
Solve_07,heavy_hole,5,1.291625889725,1.1825179920051,1.184219358869,1.184219358869,107.40653085599993,True,"{""binding"": true, ""active_probability"": true, ""left_boundary_probability"": true, ""right_boundary_probability"": true, ""left_boundary_amplitude"": true, ""right_boundary_amplitude"": true}",65.79372395821683,3.7799698998158235,0.9232723075446314,0.03810233006620845,0.03638520352295578,2.288910256058123e-44,8.521832183073984e-44,0.0,0.0,18.0,113.65866899999999
Solve_07,heavy_hole,6,1.282038016152,1.1825179920051,1.184219358869,1.184219358869,97.818657283,True,"{""binding"": true, ""active_probability"": true, ""left_boundary_probability"": true, ""right_boundary_probability"": true, ""left_boundary_amplitude"": true, ""right_boundary_amplitude"": true}",67.88958330431025,3.7465063782102406,0.8881360601841037,0.023342682906907265,0.08361426296596194,1.00698152546305e-42,1.501531635978203e-41,0.0,0.0,18.0,113.65866899999999
Solve_08,electron,1,2.820230060393,3.230075237576,3.1761041079071,3.1761041079071,355.87404751410025,True,"{""binding"": true, ""active_probability"": true, ""left_boundary_probability"": true, ""right_boundary_probability"": true, ""left_boundary_amplitude"": true, ""right_boundary_amplitude"": true}",63.70269791711475,1.9010036601225533,0.9832153468224277,0.016400852277545504,0.00038380090002676547,4.097719393603928e-42,5.0805392044687985e-39,0.0,0.0,18.0,113.759658
Solve_08,electron,2,2.91894519473,3.230075237576,3.1761041079071,3.1761041079071,257.15891317710015,True,"{""binding"": true, ""active_probability"": true, ""left_boundary_probability"": true, ""right_boundary_probability"": true, ""left_boundary_amplitude"": true, ""right_boundary_amplitude"": true}",69.82284904832304,2.2513092360504996,0.9056050305181497,0.003989457516085743,0.09040551196576456,5.395333024311416e-38,3.857393159817177e-31,0.0,0.0,18.0,113.759658
Solve_08,electron,3,2.994598058748,3.230075237576,3.1761041079071,3.1761041079071,181.50604915910006,True,"{""binding"": true, ""active_probability"": true, ""left_boundary_probability"": true, ""right_boundary_probability"": true, ""left_boundary_amplitude"": true, ""right_boundary_amplitude"": true}",63.92798074001075,3.2343862699552197,0.913247453388776,0.0736314290251466,0.013121117586077334,1.3092658283822198e-32,6.4585385560189224e-27,0.0,0.0,18.0,113.759658
Solve_08,electron,4,3.139871874706,3.230075237576,3.1761041079071,3.1761041079071,36.23223320110025,False,"{""binding"": true, ""active_probability"": false, ""left_boundary_probability"": true, ""right_boundary_probability"": false, ""left_boundary_amplitude"": true, ""right_boundary_amplitude"": true}",104.63376462583068,3.9618396513522027,2.9880291156918116e-09,1.2178094655905442e-10,0.9999999968901899,2.73893626159401e-31,0.005031182163063581,0.0,0.0,18.0,113.759658
Solve_08,electron,5,3.158185956314,3.230075237576,3.1761041079071,3.1761041079071,17.918151593100173,False,"{""binding"": true, ""active_probability"": false, ""left_boundary_probability"": true, ""right_boundary_probability"": false, ""left_boundary_amplitude"": true, ""right_boundary_amplitude"": true}",98.01076151709512,6.924319734780322,2.4318369800078245e-06,1.406865800284733e-07,0.9999974274764399,1.425655015506179e-26,0.004924952811450046,0.0,0.0,18.0,113.759658
Solve_08,electron,6,3.173238832381,3.230075237576,3.1761041079071,3.1761041079071,2.865275526100053,False,"{""binding"": false, ""active_probability"": false, ""left_boundary_probability"": true, ""right_boundary_probability"": false, ""left_boundary_amplitude"": true, ""right_boundary_amplitude"": true}",92.78191519120797,9.264814254269819,0.00017254735691889098,1.4413960525018653e-05,0.9998130386825562,4.3890383586685316e-23,0.004913678968776003,0.0,0.0,18.0,113.759658
Solve_08,heavy_hole,1,1.331708755627,1.0851796437723,1.0312085141033,1.0851796437723,246.52911185469995,True,"{""binding"": true, ""active_probability"": true, ""left_boundary_probability"": true, ""right_boundary_probability"": true, ""left_boundary_amplitude"": true, ""right_boundary_amplitude"": true}",63.31297078056426,1.4720410409888256,0.9964337236450974,0.003566167106249492,1.0924865321476242e-07,7.094032402693325e-57,1.8155780423421073e-77,0.0,0.0,18.0,113.759658
Solve_08,heavy_hole,2,1.29831608052,1.0851796437723,1.0312085141033,1.0851796437723,213.1364367477,True,"{""binding"": true, ""active_probability"": true, ""left_boundary_probability"": true, ""right_boundary_probability"": true, ""left_boundary_amplitude"": true, ""right_boundary_amplitude"": true}",63.62689829685472,2.1967019433117727,0.9881514116271416,0.011830364025845847,1.8224347012410045e-05,2.7310713324746843e-58,2.1156950514699405e-73,0.0,0.0,18.0,113.759658
Solve_08,heavy_hole,3,1.281968846567,1.0851796437723,1.0312085141033,1.0851796437723,196.78920279470003,True,"{""binding"": true, ""active_probability"": true, ""left_boundary_probability"": true, ""right_boundary_probability"": true, ""left_boundary_amplitude"": true, ""right_boundary_amplitude"": true}",70.30031703859157,0.8337255368866812,0.976698944385845,4.5408431521996734e-05,0.023255647182632958,8.286984700850848e-57,2.162314872812875e-68,0.0,0.0,18.0,113.759658
Solve_08,heavy_hole,4,1.244053889802,1.0851796437723,1.0312085141033,1.0851796437723,158.87424602969992,True,"{""binding"": true, ""active_probability"": true, ""left_boundary_probability"": true, ""right_boundary_probability"": true, ""left_boundary_amplitude"": true, ""right_boundary_amplitude"": true}",63.59455683354798,2.356845332303562,0.9714318343167933,0.02848217100276571,8.599468044105779e-05,3.3511638784744476e-49,4.083997751997155e-66,0.0,0.0,18.0,113.759658
Solve_08,heavy_hole,5,1.171487973882,1.0851796437723,1.0312085141033,1.0851796437723,86.30833010970007,True,"{""binding"": true, ""active_probability"": true, ""left_boundary_probability"": true, ""right_boundary_probability"": true, ""left_boundary_amplitude"": true, ""right_boundary_amplitude"": true}",63.7985579852737,2.744807729236362,0.9378271592783505,0.0590762230521756,0.0030966176694738994,6.496381177481985e-34,2.6833695320094526e-54,0.0,0.0,18.0,113.759658
Solve_08,heavy_hole,6,1.149064469832,1.0851796437723,1.0312085141033,1.0851796437723,63.88482605970003,True,"{""binding"": true, ""active_probability"": true, ""left_boundary_probability"": true, ""right_boundary_probability"": true, ""left_boundary_amplitude"": true, ""right_boundary_amplitude"": true}",70.01347190805932,2.034832845459361,0.881025011005509,0.004166060378135299,0.1148089286163556,1.8593198298134908e-28,4.2876907912532495e-49,0.0,0.0,18.0,113.759658
Solve_09,electron,1,2.924071973393,3.3140120601344,3.3080617203089,3.3080617203089,383.98974691589996,True,"{""binding"": true, ""active_probability"": true, ""left_boundary_probability"": true, ""right_boundary_probability"": true, ""left_boundary_amplitude"": true, ""right_boundary_amplitude"": true}",63.642814719437794,1.8887489030038214,0.9821909452817732,0.017534504734528476,0.0002745499836982802,2.8751134034729826e-40,1.4794911291376449e-41,0.0,0.0,18.0,113.719339
Solve_09,electron,2,3.035716638215,3.3140120601344,3.3080617203089,3.3080617203089,272.3450820939002,True,"{""binding"": true, ""active_probability"": true, ""left_boundary_probability"": true, ""right_boundary_probability"": true, ""left_boundary_amplitude"": true, ""right_boundary_amplitude"": true}",69.56140702129512,2.536159402638309,0.9070962117271323,0.006312005460266648,0.08659178281260112,5.320837892384668e-35,2.9925192174455756e-33,0.0,0.0,18.0,113.719339
Solve_09,electron,3,3.098577592072,3.3140120601344,3.3080617203089,3.3080617203089,209.4841282369,True,"{""binding"": true, ""active_probability"": true, ""left_boundary_probability"": true, ""right_boundary_probability"": true, ""left_boundary_amplitude"": true, ""right_boundary_amplitude"": true}",64.1980236584532,3.4323954549650546,0.9093122222288157,0.07272430536829799,0.01796347240288628,3.201517248853229e-30,3.933551259307707e-30,0.0,0.0,18.0,113.719339
Solve_09,electron,4,3.307109612008,3.3140120601344,3.3080617203089,3.3080617203089,0.9521083009000897,False,"{""binding"": false, ""active_probability"": false, ""left_boundary_probability"": true, ""right_boundary_probability"": true, ""left_boundary_amplitude"": true, ""right_boundary_amplitude"": true}",96.18201933275958,7.240810643497341,0.0003037851186667491,0.00014002773828222066,0.999556187143051,4.06192209138045e-12,0.0006310220672988105,0.0,0.0,18.0,113.719339
Solve_09,electron,5,3.313160446504,3.3140120601344,3.3080617203089,3.3080617203089,-5.098726195099879,False,"{""binding"": false, ""active_probability"": false, ""left_boundary_probability"": true, ""right_boundary_probability"": false, ""left_boundary_amplitude"": true, ""right_boundary_amplitude"": true}",90.78592825913702,11.398854367348513,0.005556108489118087,0.006563114757062907,0.9878807767538191,9.544921096101243e-09,0.0011992566552093311,0.0,0.0,18.0,113.719339
Solve_09,electron,6,3.317225910041,3.3140120601344,3.3080617203089,3.3080617203089,-9.164189732099981,False,"{""binding"": false, ""active_probability"": false, ""left_boundary_probability"": true, ""right_boundary_probability"": true, ""left_boundary_amplitude"": true, ""right_boundary_amplitude"": true}",47.202749890579604,10.29549620328719,0.03265343990096235,0.9474657635780316,0.019880796521005974,3.7610865415103194e-05,3.581439358451387e-05,0.0,0.0,18.0,113.719339
Solve_09,heavy_hole,1,1.435727309436,1.1691164663306,1.1631661265051,1.1691164663306,266.61084310539997,True,"{""binding"": true, ""active_probability"": true, ""left_boundary_probability"": true, ""right_boundary_probability"": true, ""left_boundary_amplitude"": true, ""right_boundary_amplitude"": true}",63.547002911391566,1.4882004797000408,0.9973834592351737,0.0026161384022275907,4.0236259872787083e-07,2.5896464279901297e-68,1.2630780151108892e-71,0.0,0.0,18.0,113.719339
Solve_09,heavy_hole,2,1.402977591709,1.1691164663306,1.1631661265051,1.1691164663306,233.86112537839998,True,"{""binding"": true, ""active_probability"": true, ""left_boundary_probability"": true, ""right_boundary_probability"": true, ""left_boundary_amplitude"": true, ""right_boundary_amplitude"": true}",63.64434780527971,2.2817627790509154,0.9892242974724226,0.010598970629402172,0.00017673189817501446,1.076477236310047e-63,7.554234453774728e-67,0.0,0.0,18.0,113.719339
Solve_09,heavy_hole,3,1.395826465098,1.1691164663306,1.1631661265051,1.1691164663306,226.70999876739995,True,"{""binding"": true, ""active_probability"": true, ""left_boundary_probability"": true, ""right_boundary_probability"": true, ""left_boundary_amplitude"": true, ""right_boundary_amplitude"": true}",70.2491637880929,1.0391833462865199,0.974710514496963,0.00013754774537636403,0.025151937757660472,1.2250738040567769e-64,8.764891991516918e-64,0.0,0.0,18.0,113.719339
Solve_09,heavy_hole,4,1.349169066902,1.1691164663306,1.1631661265051,1.1691164663306,180.05260057140003,True,"{""binding"": true, ""active_probability"": true, ""left_boundary_probability"": true, ""right_boundary_probability"": true, ""left_boundary_amplitude"": true, ""right_boundary_amplitude"": true}",63.58669360025131,2.3674894088419154,0.9733437549867898,0.026555106377207486,0.00010113863600265868,7.926230873051672e-56,7.991496969080288e-60,0.0,0.0,18.0,113.719339
Solve_09,heavy_hole,5,1.277530693279,1.1691164663306,1.1631661265051,1.1691164663306,108.41422694840008,True,"{""binding"": true, ""active_probability"": true, ""left_boundary_probability"": true, ""right_boundary_probability"": true, ""left_boundary_amplitude"": true, ""right_boundary_amplitude"": true}",64.0185713390953,2.92771271149161,0.9406580530932319,0.05286630736055813,0.006475639546209882,1.7223063409550845e-43,1.9421356863038104e-46,0.0,0.0,18.0,113.719339
Solve_09,heavy_hole,6,1.259578872537,1.1691164663306,1.1631661265051,1.1691164663306,90.46240620640012,True,"{""binding"": true, ""active_probability"": true, ""left_boundary_probability"": true, ""right_boundary_probability"": true, ""left_boundary_amplitude"": true, ""right_boundary_amplitude"": true}",69.80956057770172,2.356233744029528,0.8728750048898829,0.00583873885153143,0.12128625625858597,7.953925707543442e-41,9.81951389889758e-42,0.0,0.0,18.0,113.719339
Solve_10,electron,1,2.850870011311,3.2553483195884,3.2155061960643,3.2155061960643,364.63618475329974,True,"{""binding"": true, ""active_probability"": true, ""left_boundary_probability"": true, ""right_boundary_probability"": true, ""left_boundary_amplitude"": true, ""right_boundary_amplitude"": true}",63.71219073016143,1.9066376104830416,0.9832364057668255,0.01645419948760304,0.0003093947455714164,1.3224309491263274e-41,7.196849524554359e-40,0.0,0.0,18.0,114.002461
Solve_10,electron,2,2.946826428134,3.2553483195884,3.2155061960643,3.2155061960643,268.67976793029993,True,"{""binding"": true, ""active_probability"": true, ""left_boundary_probability"": true, ""right_boundary_probability"": true, ""left_boundary_amplitude"": true, ""right_boundary_amplitude"": true}",70.06719484569818,2.168686103634857,0.9112318117120916,0.0033400281742746053,0.08542816011363387,1.2286371050087203e-37,3.1564204041965756e-32,0.0,0.0,18.0,114.002461
Solve_10,electron,3,3.021787342849,3.2553483195884,3.2155061960643,3.2155061960643,193.71885321529982,True,"{""binding"": true, ""active_probability"": true, ""left_boundary_probability"": true, ""right_boundary_probability"": true, ""left_boundary_amplitude"": true, ""right_boundary_amplitude"": true}",63.91717535026717,3.207340853936761,0.9166200937698145,0.07267281062696505,0.01070709560322033,3.6646194406350593e-32,2.448307982958076e-28,0.0,0.0,18.0,114.002461
Solve_10,electron,4,3.190941857019,3.2553483195884,3.2155061960643,3.2155061960643,24.564339045300088,False,"{""binding"": true, ""active_probability"": false, ""left_boundary_probability"": true, ""right_boundary_probability"": false, ""left_boundary_amplitude"": true, ""right_boundary_amplitude"": true}",103.90609340076823,4.3956531424119065,5.7292408385588805e-08,3.4900513575053443e-09,0.9999999392175404,6.829350753257951e-27,0.0037024089038917634,0.0,0.0,18.0,114.002461
Solve_10,electron,5,3.205826012251,3.2553483195884,3.2155061960643,3.2155061960643,9.680183813300047,False,"{""binding"": true, ""active_probability"": false, ""left_boundary_probability"": true, ""right_boundary_probability"": false, ""left_boundary_amplitude"": true, ""right_boundary_amplitude"": true}",96.58499678792649,7.661625433713798,2.6310750697599532e-05,2.405133432124985e-06,0.9999712841158706,1.7665295571659869e-22,0.0036472581479025765,0.0,0.0,18.0,114.002461
Solve_10,electron,6,3.218278140285,3.2553483195884,3.2155061960643,3.2155061960643,-2.771944220699929,False,"{""binding"": false, ""active_probability"": false, ""left_boundary_probability"": true, ""right_boundary_probability"": false, ""left_boundary_amplitude"": true, ""right_boundary_amplitude"": true}",91.40825168676399,10.073903739045363,0.0010106834523735037,0.0001407807361810784,0.9988485358114455,2.907566228144471e-19,0.003844267565625602,0.0,0.0,18.0,114.002461
Solve_10,heavy_hole,1,1.36310592908,1.1104527257846,1.0706106022605,1.1104527257846,252.6532032954001,True,"{""binding"": true, ""active_probability"": true, ""left_boundary_probability"": true, ""right_boundary_probability"": true, ""left_boundary_amplitude"": true, ""right_boundary_amplitude"": true}",63.40605300116931,1.4882666390046326,0.9967921615547922,0.0032077234131488008,1.1503205888522985e-07,8.410491059519308e-66,1.760265173124926e-77,0.0,0.0,18.0,114.002461
Solve_10,heavy_hole,2,1.330400799351,1.1104527257846,1.0706106022605,1.1104527257846,219.94807356640013,True,"{""binding"": true, ""active_probability"": true, ""left_boundary_probability"": true, ""right_boundary_probability"": true, ""left_boundary_amplitude"": true, ""right_boundary_amplitude"": true}",63.65399009406665,2.2268840639399703,0.9887292561247756,0.011238864042212917,3.1879833011602044e-05,5.956898591460356e-60,1.1481927466881629e-71,0.0,0.0,18.0,114.002461
Solve_10,heavy_hole,3,1.319255100442,1.1104527257846,1.0706106022605,1.1104527257846,208.80237465739992,True,"{""binding"": true, ""active_probability"": true, ""left_boundary_probability"": true, ""right_boundary_probability"": true, ""left_boundary_amplitude"": true, ""right_boundary_amplitude"": true}",70.48050953279342,0.8718208795803123,0.9786191267232044,4.813229119618069e-05,0.02133274098559941,8.994145207948996e-61,1.6744657788896635e-67,0.0,0.0,18.0,114.002461
Solve_10,heavy_hole,4,1.27702276528,1.1104527257846,1.0706106022605,1.1104527257846,166.57003949539995,True,"{""binding"": true, ""active_probability"": true, ""left_boundary_probability"": true, ""right_boundary_probability"": true, ""left_boundary_amplitude"": true, ""right_boundary_amplitude"": true}",63.62088227297263,2.3723810903764,0.9726846142439625,0.02725061845346416,6.476730257356947e-05,1.5006470186692604e-51,1.1461157213377789e-64,0.0,0.0,18.0,114.002461
Solve_10,heavy_hole,5,1.205874915488,1.1104527257846,1.0706106022605,1.1104527257846,95.4221897034,True,"{""binding"": true, ""active_probability"": true, ""left_boundary_probability"": true, ""right_boundary_probability"": true, ""left_boundary_amplitude"": true, ""right_boundary_amplitude"": true}",64.17194855655863,3.0621592573191267,0.9396846807833124,0.053039637869200025,0.007275681347487556,8.810533234320285e-38,2.9804546495083393e-52,0.0,0.0,18.0,114.002461
Solve_10,heavy_hole,6,1.19262871977,1.1104527257846,1.0706106022605,1.1104527257846,82.1759939854001,True,"{""binding"": true, ""active_probability"": true, ""left_boundary_probability"": true, ""right_boundary_probability"": true, ""left_boundary_amplitude"": true, ""right_boundary_amplitude"": true}",69.88366143382267,2.5188311407637523,0.8938665706452981,0.006588251223007032,0.09954517813169483,1.5368299277308098e-35,6.285441151569533e-49,0.0,0.0,18.0,114.002461
Solve_11,electron,1,2.897768453476,3.2919771554541,3.2735017858592,3.2735017858592,375.7333323831999,True,"{""binding"": true, ""active_probability"": true, ""left_boundary_probability"": true, ""right_boundary_probability"": true, ""left_boundary_amplitude"": true, ""right_boundary_amplitude"": true}",63.61992923903978,1.8830682513727384,0.981999090521732,0.017664945026633037,0.00033596445163486515,1.044843606130537e-40,8.124275838289872e-41,0.0,0.0,18.0,113.621806
Solve_11,electron,2,3.004716412395,3.2919771554541,3.2735017858592,3.2735017858592,268.78537346419984,True,"{""binding"": true, ""active_probability"": true, ""left_boundary_probability"": true, ""right_boundary_probability"": true, ""left_boundary_amplitude"": true, ""right_boundary_amplitude"": true}",69.56594260575282,2.399930199513201,0.9066445829881066,0.0054061626508451486,0.08794925436104836,7.58614441715382e-36,9.743758912368141e-33,0.0,0.0,18.0,113.621806
Solve_11,electron,3,3.075236283562,3.2919771554541,3.2735017858592,3.2735017858592,198.26550229719996,True,"{""binding"": true, ""active_probability"": true, ""left_boundary_probability"": true, ""right_boundary_probability"": true, ""left_boundary_amplitude"": true, ""right_boundary_amplitude"": true}",64.02762197339544,3.3244382825342176,0.9081761879995072,0.07574373662643738,0.016080075374055255,1.3058508978213017e-30,4.336766566573905e-29,0.0,0.0,18.0,113.621806
Solve_11,electron,4,3.264639992055,3.2919771554541,3.2735017858592,3.2735017858592,8.861793804199714,False,"{""binding"": true, ""active_probability"": false, ""left_boundary_probability"": true, ""right_boundary_probability"": false, ""left_boundary_amplitude"": true, ""right_boundary_amplitude"": true}",100.7292153568274,5.626556777185035,6.727093826243428e-06,9.901956987728497e-07,0.999992282710475,5.354200539057766e-19,0.0017574335208242718,0.0,0.0,18.0,113.621806
Solve_11,electron,5,3.27386814666,3.2919771554541,3.2735017858592,3.2735017858592,-0.3663608007999919,False,"{""binding"": false, ""active_probability"": false, ""left_boundary_probability"": true, ""right_boundary_probability"": false, ""left_boundary_amplitude"": true, ""right_boundary_amplitude"": true}",92.42615376549884,9.352871357683583,0.0005425484979139642,0.00012125803856937928,0.9993361934635165,1.8045655169806002e-15,0.0019124440164035555,0.0,0.0,18.0,113.621806
Solve_11,electron,6,3.283414136125,3.2919771554541,3.2735017858592,3.2735017858592,-9.912350265800285,False,"{""binding"": false, ""active_probability"": false, ""left_boundary_probability"": true, ""right_boundary_probability"": false, ""left_boundary_amplitude"": true, ""right_boundary_amplitude"": true}",90.0369465153169,11.512871848015104,0.005062868607205761,0.0021302182366825816,0.9928069131561117,1.7289922710439463e-12,0.0028206943229577806,0.0,0.0,18.0,113.621806
Solve_11,heavy_hole,1,1.40816682381,1.1470815616503,1.1286061920554,1.1470815616503,261.08526215969994,True,"{""binding"": true, ""active_probability"": true, ""left_boundary_probability"": true, ""right_boundary_probability"": true, ""left_boundary_amplitude"": true, ""right_boundary_amplitude"": true}",63.44406568243869,1.4697531926260516,0.997067570446971,0.002932089532027371,3.4002100147750765e-07,6.2104045619886965e-68,1.734979162241213e-73,0.0,0.0,18.0,113.621806
Solve_11,heavy_hole,2,1.374591407474,1.1470815616503,1.1286061920554,1.1470815616503,227.50984582369992,True,"{""binding"": true, ""active_probability"": true, ""left_boundary_probability"": true, ""right_boundary_probability"": true, ""left_boundary_amplitude"": true, ""right_boundary_amplitude"": true}",63.59717790119225,2.240011498568114,0.9885871736874943,0.011279657959348112,0.0001331683531577109,3.72099704547215e-62,2.249847437066208e-68,0.0,0.0,18.0,113.621806
Solve_11,heavy_hole,3,1.366295283504,1.1470815616503,1.1286061920554,1.1470815616503,219.21372185370004,True,"{""binding"": true, ""active_probability"": true, ""left_boundary_probability"": true, ""right_boundary_probability"": true, ""left_boundary_amplitude"": true, ""right_boundary_amplitude"": true}",70.14702593113506,0.9963420338065689,0.9754586420899801,0.00012569059232236555,0.024415667317697436,5.441612672458562e-63,4.481576275483404e-65,0.0,0.0,18.0,113.621806
Solve_11,heavy_hole,4,1.319533150546,1.1470815616503,1.1286061920554,1.1470815616503,172.4515888956999,True,"{""binding"": true, ""active_probability"": true, ""left_boundary_probability"": true, ""right_boundary_probability"": true, ""left_boundary_amplitude"": true, ""right_boundary_amplitude"": true}",63.54557798856065,2.344045032220062,0.9718519097095849,0.028037729086490736,0.00011036120392422516,7.245131086392828e-54,3.3436572083338086e-61,0.0,0.0,18.0,113.621806
Solve_11,heavy_hole,5,1.246664662724,1.1470815616503,1.1286061920554,1.1470815616503,99.58310107369984,True,"{""binding"": true, ""active_probability"": true, ""left_boundary_probability"": true, ""right_boundary_probability"": true, ""left_boundary_amplitude"": true, ""right_boundary_amplitude"": true}",64.17733808168533,3.0703637602045473,0.9362039935330064,0.05412673487450833,0.009669271592485412,1.1719697758707146e-40,7.704346944367893e-48,0.0,0.0,18.0,113.621806
Solve_11,heavy_hole,6,1.231071524842,1.1470815616503,1.1286061920554,1.1470815616503,83.98996319170004,True,"{""binding"": true, ""active_probability"": true, ""left_boundary_probability"": true, ""right_boundary_probability"": true, ""left_boundary_amplitude"": true, ""right_boundary_amplitude"": true}",69.49014794968338,2.6168170079038484,0.877197498349563,0.008398666359780146,0.11440383529065688,4.43543609234956e-38,6.467936778609427e-44,0.0,0.0,18.0,113.621806
Solve_12,electron,1,2.877904317649,3.2756669478144,3.247721473973,3.247721473973,369.8171563239998,True,"{""binding"": true, ""active_probability"": true, ""left_boundary_probability"": true, ""right_boundary_probability"": true, ""left_boundary_amplitude"": true, ""right_boundary_amplitude"": true}",63.61808074128713,1.882423985729978,0.9820902121788735,0.017584199018256964,0.0003255888028696049,4.73474019277069e-41,2.3882823713876623e-40,0.0,0.0,18.0,113.815547
Solve_12,electron,2,2.97518110351,3.2756669478144,3.247721473973,3.247721473973,272.5403704629996,True,"{""binding"": true, ""active_probability"": true, ""left_boundary_probability"": true, ""right_boundary_probability"": true, ""left_boundary_amplitude"": true, ""right_boundary_amplitude"": true}",69.88844085262545,2.1439762959738613,0.9111945272428925,0.0035104894857345467,0.08529498327137296,6.011128243275802e-37,9.672236044102204e-33,0.0,0.0,18.0,113.815547
Solve_12,electron,3,3.054263800673,3.2756669478144,3.247721473973,3.247721473973,193.45767329999975,True,"{""binding"": true, ""active_probability"": true, ""left_boundary_probability"": true, ""right_boundary_probability"": true, ""left_boundary_amplitude"": true, ""right_boundary_amplitude"": true}",63.829103910113105,3.1670178419178336,0.9117353088855165,0.07729485980775022,0.010969831306733187,4.006607219091323e-31,1.1741745395840337e-28,0.0,0.0,18.0,113.815547
Solve_12,electron,4,3.232110564206,3.2756669478144,3.247721473973,3.247721473973,15.610909766999637,False,"{""binding"": true, ""active_probability"": false, ""left_boundary_probability"": true, ""right_boundary_probability"": false, ""left_boundary_amplitude"": true, ""right_boundary_amplitude"": true}",102.51004032838915,4.934568197121059,7.346763504158766e-07,6.254554659004137e-08,0.999999202778103,7.701112857969576e-23,0.002625759553244307,0.0,0.0,18.0,113.815547
Solve_12,electron,5,3.243952512601,3.2756669478144,3.247721473973,3.247721473973,3.7689613719997794,False,"{""binding"": false, ""active_probability"": false, ""left_boundary_probability"": true, ""right_boundary_probability"": false, ""left_boundary_amplitude"": true, ""right_boundary_amplitude"": true}",94.48123147035366,8.493121961926894,0.00015041130318478019,1.8872658202181315e-05,0.999830716038613,7.33479540214747e-19,0.002638050960867554,0.0,0.0,18.0,113.815547
Solve_12,electron,6,3.254513666649,3.2756669478144,3.247721473973,3.247721473973,-6.792192676000397,False,"{""binding"": false, ""active_probability"": false, ""left_boundary_probability"": true, ""right_boundary_probability"": false, ""left_boundary_amplitude"": true, ""right_boundary_amplitude"": true}",90.28082538094993,10.836179635624026,0.0025952987403984095,0.0005109250101345918,0.996893776249467,6.277098413035613e-16,0.0031849647863157215,0.0,0.0,18.0,113.815547
Solve_12,heavy_hole,1,1.387905724527,1.1307713540106,1.1028258801693,1.1307713540106,257.1343705164,True,"{""binding"": true, ""active_probability"": true, ""left_boundary_probability"": true, ""right_boundary_probability"": true, ""left_boundary_amplitude"": true, ""right_boundary_amplitude"": true}",63.39058496525895,1.4632178501238446,0.9968671420515897,0.003132662443425853,1.9550498449089765e-07,8.278108116973493e-67,2.7560225349962687e-77,0.0,0.0,18.0,113.815547
Solve_12,heavy_hole,2,1.354044999084,1.1307713540106,1.1028258801693,1.1307713540106,223.27364507340008,True,"{""binding"": true, ""active_probability"": true, ""left_boundary_probability"": true, ""right_boundary_probability"": true, ""left_boundary_amplitude"": true, ""right_boundary_amplitude"": true}",63.595032234934294,2.236621632725749,0.9882818315107047,0.011592137463855602,0.00012603102543980705,4.636624436125575e-61,1.7064624754310081e-69,0.0,0.0,18.0,113.815547
Solve_12,heavy_hole,3,1.34730263423,1.1307713540106,1.1028258801693,1.1307713540106,216.53128021940014,True,"{""binding"": true, ""active_probability"": true, ""left_boundary_probability"": true, ""right_boundary_probability"": true, ""left_boundary_amplitude"": true, ""right_boundary_amplitude"": true}",70.26295050917794,1.0155436895164596,0.9783535253394534,0.00012199407693734446,0.02152448058360946,3.906779509286382e-62,1.95943912256438e-66,0.0,0.0,18.0,113.815547
Solve_12,heavy_hole,4,1.298634984345,1.1307713540106,1.1028258801693,1.1307713540106,167.8636303344001,True,"{""binding"": true, ""active_probability"": true, ""left_boundary_probability"": true, ""right_boundary_probability"": true, ""left_boundary_amplitude"": true, ""right_boundary_amplitude"": true}",63.5348252075339,2.334541699076116,0.9712550251229002,0.0286641708840394,8.080399306054145e-05,1.5815987634242368e-52,1.5822456141902472e-62,0.0,0.0,18.0,113.815547
Solve_12,heavy_hole,5,1.226837142006,1.1307713540106,1.1028258801693,1.1307713540106,96.06578799540011,True,"{""binding"": true, ""active_probability"": true, ""left_boundary_probability"": true, ""right_boundary_probability"": true, ""left_boundary_amplitude"": true, ""right_boundary_amplitude"": true}",65.98023656451986,3.8517160295887773,0.9261550883680165,0.0383099768406007,0.03553493479138275,3.3046231054869195e-39,6.013545321781639e-49,0.0,0.0,18.0,113.815547
Solve_12,heavy_hole,6,1.218598495137,1.1307713540106,1.1028258801693,1.1307713540106,87.8271411264,True,"{""binding"": true, ""active_probability"": true, ""left_boundary_probability"": true, ""right_boundary_probability"": true, ""left_boundary_amplitude"": true, ""right_boundary_amplitude"": true}",67.81299998488717,3.833310794294971,0.9020678095100327,0.025296170024389886,0.07263602046557735,1.5001172363702538e-37,3.2892225272779154e-47,0.0,0.0,18.0,113.815547
Solve_13,electron,1,2.879593672633,3.277498913161,3.2505258098104,3.2505258098104,370.93213717740036,True,"{""binding"": true, ""active_probability"": true, ""left_boundary_probability"": true, ""right_boundary_probability"": true, ""left_boundary_amplitude"": true, ""right_boundary_amplitude"": true}",63.6361793600341,1.881897723439125,0.982362308086214,0.017358423228472596,0.0002792686853131944,4.817055953476098e-41,1.7166098049658572e-40,0.0,0.0,18.0,113.900176
Solve_13,electron,2,2.978793130604,3.277498913161,3.2505258098104,3.2505258098104,271.7326792064001,True,"{""binding"": true, ""active_probability"": true, ""left_boundary_probability"": true, ""right_boundary_probability"": true, ""left_boundary_amplitude"": true, ""right_boundary_amplitude"": true}",69.98591166272378,2.1411883298581964,0.9103319416010728,0.003439920506042911,0.08622813789288418,7.710475633931413e-37,1.0265381771759299e-32,0.0,0.0,18.0,113.900176
Solve_13,electron,3,3.053750598431,3.277498913161,3.2505258098104,3.2505258098104,196.77521137940036,True,"{""binding"": true, ""active_probability"": true, ""left_boundary_probability"": true, ""right_boundary_probability"": true, ""left_boundary_amplitude"": true, ""right_boundary_amplitude"": true}",63.86473903201707,3.183590198522199,0.9135183766761481,0.0757284853393825,0.010753137984469526,3.0001858755414757e-31,6.34854221820361e-29,0.0,0.0,18.0,113.900176
Solve_13,electron,4,3.235696371345,3.277498913161,3.2505258098104,3.2505258098104,14.829438465400191,False,"{""binding"": true, ""active_probability"": false, ""left_boundary_probability"": true, ""right_boundary_probability"": false, ""left_boundary_amplitude"": true, ""right_boundary_amplitude"": true}",102.45327441540124,4.997253977902137,9.55625479055786e-07,8.65918293528723e-08,0.9999989577826914,1.9576273840454504e-22,0.002528328709336869,0.0,0.0,18.0,113.900176
Solve_13,electron,5,3.247250289051,3.277498913161,3.2505258098104,3.2505258098104,3.2755207593999636,False,"{""binding"": false, ""active_probability"": false, ""left_boundary_probability"": true, ""right_boundary_probability"": false, ""left_boundary_amplitude"": true, ""right_boundary_amplitude"": true}",94.36380023305394,8.581236675878145,0.0001823740692640517,2.4849469243326323e-05,0.9997927764614926,1.7379015519614334e-18,0.0025505534080519448,0.0,0.0,18.0,113.900176
Solve_13,electron,6,3.257664645448,3.277498913161,3.2505258098104,3.2505258098104,-7.138835637599872,False,"{""binding"": false, ""active_probability"": false, ""left_boundary_probability"": true, ""right_boundary_probability"": false, ""left_boundary_amplitude"": true, ""right_boundary_amplitude"": true}",90.30954246672431,10.919822526105229,0.0030268381016725103,0.0006644352655251677,0.9963087266328025,1.5063232956938075e-15,0.0031351682276201743,0.0,0.0,18.0,113.900176
Solve_13,heavy_hole,1,1.390303640683,1.1326033193572,1.1056302160067,1.1326033193572,257.7003213258,True,"{""binding"": true, ""active_probability"": true, ""left_boundary_probability"": true, ""right_boundary_probability"": true, ""left_boundary_amplitude"": true, ""right_boundary_amplitude"": true}",63.41965033824834,1.4730711774501315,0.9969411029110156,0.003058737715030421,1.593739538227326e-07,3.109685701067261e-67,2.5677505876000406e-75,0.0,0.0,18.0,113.900176
Solve_13,heavy_hole,2,1.356889209199,1.1326033193572,1.1056302160067,1.1326033193572,224.28588984179987,True,"{""binding"": true, ""active_probability"": true, ""left_boundary_probability"": true, ""right_boundary_probability"": true, ""left_boundary_amplitude"": true, ""right_boundary_amplitude"": true}",63.60412616638061,2.2272752672927827,0.9885499002206817,0.011370369408732811,7.973037058537613e-05,2.8835685276653127e-61,1.1955502529826285e-69,0.0,0.0,18.0,113.900176
Solve_13,heavy_hole,3,1.34923634502,1.1326033193572,1.1056302160067,1.1326033193572,216.63302566279995,True,"{""binding"": true, ""active_probability"": true, ""left_boundary_probability"": true, ""right_boundary_probability"": true, ""left_boundary_amplitude"": true, ""right_boundary_amplitude"": true}",70.37822308031106,0.9410266046418226,0.9779370797163703,8.132065913739685e-05,0.021981599624492375,2.222729494514506e-62,2.8814807007159544e-66,0.0,0.0,18.0,113.900176
Solve_13,heavy_hole,4,1.302212451079,1.1326033193572,1.1056302160067,1.1326033193572,169.60913172180003,True,"{""binding"": true, ""active_probability"": true, ""left_boundary_probability"": true, ""right_boundary_probability"": true, ""left_boundary_amplitude"": true, ""right_boundary_amplitude"": true}",63.56101534506544,2.3464840402440528,0.9719405313841895,0.027992556399451377,6.691221635908771e-05,6.957911044649019e-53,1.1683759171817858e-62,0.0,0.0,18.0,113.900176
Solve_13,heavy_hole,5,1.230126286107,1.1326033193572,1.1056302160067,1.1326033193572,97.52296674979988,True,"{""binding"": true, ""active_probability"": true, ""left_boundary_probability"": true, ""right_boundary_probability"": true, ""left_boundary_amplitude"": true, ""right_boundary_amplitude"": true}",64.82556645475943,3.496597367760324,0.9338530153844634,0.04826904450862949,0.0178779401069071,1.607183461066113e-39,2.938630014349989e-49,0.0,0.0,18.0,113.900176
Solve_13,heavy_hole,6,1.220593436646,1.1326033193572,1.1056302160067,1.1326033193572,87.99011728880002,True,"{""binding"": true, ""active_probability"": true, ""left_boundary_probability"": true, ""right_boundary_probability"": true, ""left_boundary_amplitude"": true, ""right_boundary_amplitude"": true}",69.09402351072062,3.2187775218301655,0.8941935942373949,0.013453453357829881,0.09235295240477508,5.74916726719899e-38,6.864825887350313e-47,0.0,0.0,18.0,113.900176
Solve_14,electron,1,2.961971457224,3.3437801343438,3.3548197650861,3.3437801343438,381.8086771197997,True,"{""binding"": true, ""active_probability"": true, ""left_boundary_probability"": true, ""right_boundary_probability"": true, ""left_boundary_amplitude"": true, ""right_boundary_amplitude"": true}",63.580318997376345,1.8800795365426435,0.9812496611681356,0.01846304132739912,0.00027228214812022766,1.6003901164410472e-39,2.7376467468533394e-42,0.0,0.0,18.0,113.68175400000001
Solve_14,electron,2,3.070959294888,3.3437801343438,3.3548197650861,3.3437801343438,272.82083945579984,True,"{""binding"": true, ""active_probability"": true, ""left_boundary_probability"": true, ""right_boundary_probability"": true, ""left_boundary_amplitude"": true, ""right_boundary_amplitude"": true}",69.54552479548468,2.4432017432086806,0.9114417534472501,0.00583376319025247,0.07903940549625052,2.5044219099031294e-34,2.623407800482191e-34,0.0,0.0,18.0,113.68175400000001
Solve_14,electron,3,3.139337275319,3.3437801343438,3.3548197650861,3.3437801343438,204.4428590248,True,"{""binding"": true, ""active_probability"": true, ""left_boundary_probability"": true, ""right_boundary_probability"": true, ""left_boundary_amplitude"": true, ""right_boundary_amplitude"": true}",64.07534088080301,3.3596727404183206,0.9074326523303062,0.07652972322639215,0.015414262168945207,4.930021055263572e-29,5.162127271364579e-31,0.0,0.0,18.0,113.68175400000001
Solve_14,electron,4,3.339858125666,3.3437801343438,3.3548197650861,3.3437801343438,3.922008677800015,False,"{""binding"": false, ""active_probability"": false, ""left_boundary_probability"": false, ""right_boundary_probability"": true, ""left_boundary_amplitude"": true, ""right_boundary_amplitude"": true}",33.13870491569032,6.547519297275267,0.00019727348275573153,0.9997864583422748,1.610661927635931e-05,0.0010638360949322325,3.09275063591583e-15,0.0,0.0,18.0,113.68175400000001
Solve_14,electron,5,3.346879196544,3.3437801343438,3.3548197650861,3.3437801343438,-3.0990622002002866,False,"{""binding"": false, ""active_probability"": false, ""left_boundary_probability"": false, ""right_boundary_probability"": true, ""left_boundary_amplitude"": true, ""right_boundary_amplitude"": true}",41.0953501923442,10.546232055171687,0.006835451844190935,0.992311548915651,0.0008468669302734405,0.0013751548049697627,4.2900793856618155e-12,0.0,0.0,18.0,113.68175400000001
Solve_14,electron,6,3.355306440681,3.3437801343438,3.3548197650861,3.3437801343438,-11.526306337199976,False,"{""binding"": false, ""active_probability"": false, ""left_boundary_probability"": false, ""right_boundary_probability"": true, ""left_boundary_amplitude"": true, ""right_boundary_amplitude"": true}",43.39501669305878,13.418623638391686,0.04091444856184569,0.9414605091892121,0.017581239368722138,0.0022130039652152227,1.2467653391521541e-08,0.0,0.0,18.0,113.68175400000001
Solve_14,heavy_hole,1,1.472406436251,1.19888454054,1.2099241712823,1.2099241712823,262.4822649687002,True,"{""binding"": true, ""active_probability"": true, ""left_boundary_probability"": true, ""right_boundary_probability"": true, ""left_boundary_amplitude"": true, ""right_boundary_amplitude"": true}",63.57702952771205,1.4721853867387966,0.9975756740241285,0.0024235235762372033,7.305945202229402e-07,5.223824513347995e-70,5.014189435587202e-68,0.0,0.0,18.0,113.68175400000001
Solve_14,heavy_hole,2,1.439774723976,1.19888454054,1.2099241712823,1.2099241712823,229.85055269370002,True,"{""binding"": true, ""active_probability"": true, ""left_boundary_probability"": true, ""right_boundary_probability"": true, ""left_boundary_amplitude"": true, ""right_boundary_amplitude"": true}",67.71683982517843,3.5449072128819483,0.9816248300023886,0.0039005482934308853,0.013257953916860311,6.676979045470724e-66,9.130062329218627e-63,0.0,0.0,18.0,113.68175400000001
Solve_14,heavy_hole,3,1.438278822823,1.19888454054,1.2099241712823,1.2099241712823,228.3546515407,True,"{""binding"": true, ""active_probability"": true, ""left_boundary_probability"": true, ""right_boundary_probability"": true, ""left_boundary_amplitude"": true, ""right_boundary_amplitude"": true}",66.02692809427316,3.7287893468805144,0.9839067705513892,0.006870218462065007,0.008450154805331124,1.8246471139918653e-65,9.122058154627799e-63,0.0,0.0,18.0,113.68175400000001
Solve_14,heavy_hole,4,1.38393792665,1.19888454054,1.2099241712823,1.2099241712823,174.01375536770013,True,"{""binding"": true, ""active_probability"": true, ""left_boundary_probability"": true, ""right_boundary_probability"": true, ""left_boundary_amplitude"": true, ""right_boundary_amplitude"": true}",63.53393679214216,2.3478876608015407,0.972828985609496,0.027043053620568733,0.00011853064945668843,1.4856852239344406e-57,6.391539496506062e-57,0.0,0.0,18.0,113.68175400000001
Solve_14,heavy_hole,5,1.314213280845,1.19888454054,1.2099241712823,1.2099241712823,104.2891095627001,True,"{""binding"": true, ""active_probability"": true, ""left_boundary_probability"": true, ""right_boundary_probability"": true, ""left_boundary_amplitude"": true, ""right_boundary_amplitude"": true}",66.87631709234938,3.8361985794220326,0.9180189450662961,0.02775617076440361,0.05108813377382933,2.338372328946653e-46,2.9599037514545025e-42,0.0,0.0,18.0,113.68175400000001
Solve_14,heavy_hole,6,1.305007988936,1.19888454054,1.2099241712823,1.2099241712823,95.08381765370011,True,"{""binding"": true, ""active_probability"": true, ""left_boundary_probability"": true, ""right_boundary_probability"": true, ""left_boundary_amplitude"": true, ""right_boundary_amplitude"": true}",66.83112533490512,3.9795721654542935,0.9037790203997147,0.03231723832358131,0.06036490960643049,1.3673492180947944e-44,2.617212040578729e-40,0.0,0.0,18.0,113.68175400000001
Solve_15,electron,1,2.828790223418,3.2373574545383,3.1874891015963,3.1874891015963,358.6988781783003,True,"{""binding"": true, ""active_probability"": true, ""left_boundary_probability"": true, ""right_boundary_probability"": true, ""left_boundary_amplitude"": true, ""right_boundary_amplitude"": true}",63.716755363738656,1.905246440654314,0.9833370779276802,0.01629849994659884,0.00036442212572103925,5.5340441063121294e-42,2.8084634182723392e-39,0.0,0.0,18.0,113.796556
Solve_15,electron,2,2.928858346835,3.2373574545383,3.1874891015963,3.1874891015963,258.63075476130024,True,"{""binding"": true, ""active_probability"": true, ""left_boundary_probability"": true, ""right_boundary_probability"": true, ""left_boundary_amplitude"": true, ""right_boundary_amplitude"": true}",69.83129505833722,2.2924535438230174,0.9059658578292383,0.004193058208964273,0.08984108396179742,9.436302421435165e-38,2.424815818042567e-31,0.0,0.0,18.0,113.796556
Solve_15,electron,3,3.001901261172,3.2373574545383,3.1874891015963,3.1874891015963,185.58784042429988,True,"{""binding"": true, ""active_probability"": true, ""left_boundary_probability"": true, ""right_boundary_probability"": true, ""left_boundary_amplitude"": true, ""right_boundary_amplitude"": true}",63.97938589017906,3.2682254180005494,0.9138528630120634,0.07254269786547292,0.013604439122463645,1.618130674268e-32,2.4667011086207764e-27,0.0,0.0,18.0,113.796556
Solve_15,electron,4,3.154666292807,3.2373574545383,3.1874891015963,3.1874891015963,32.822808789299884,False,"{""binding"": true, ""active_probability"": false, ""left_boundary_probability"": true, ""right_boundary_probability"": false, ""left_boundary_amplitude"": true, ""right_boundary_amplitude"": true}",104.43018696058469,4.069356732851918,6.573800110688655e-09,3.0398517890190697e-10,0.9999999931222147,4.40283931159655e-30,0.0046494435758758015,0.0,0.0,18.0,113.796556
Solve_15,electron,5,3.172026524117,3.2373574545383,3.1874891015963,3.1874891015963,15.462577479300244,False,"{""binding"": true, ""active_probability"": false, ""left_boundary_probability"": true, ""right_boundary_probability"": false, ""left_boundary_amplitude"": true, ""right_boundary_amplitude"": true}",97.63021164917602,7.109695068843137,4.58955252779741e-06,3.0840101051190933e-07,0.9999951020464617,1.9201312321963655e-25,0.004557533121849808,0.0,0.0,18.0,113.796556
Solve_15,electron,6,3.186332912536,3.2373574545383,3.1874891015963,3.1874891015963,1.156189060300239,False,"{""binding"": false, ""active_probability"": false, ""left_boundary_probability"": true, ""right_boundary_probability"": false, ""left_boundary_amplitude"": true, ""right_boundary_amplitude"": true}",92.36366354065328,9.476878997143332,0.0002755408759487061,2.7255286828186767e-05,0.999697203837223,4.979753205552954e-22,0.004591269979800356,0.0,0.0,18.0,113.796556
Solve_15,heavy_hole,1,1.34079217737,1.0924618607345,1.0425935077925,1.0924618607345,248.33031663549997,True,"{""binding"": true, ""active_probability"": true, ""left_boundary_probability"": true, ""right_boundary_probability"": true, ""left_boundary_amplitude"": true, ""right_boundary_amplitude"": true}",63.347852140587335,1.4805414592888848,0.9965586753538882,0.003441206346293437,1.1829981809731136e-07,2.298186119898062e-58,4.9584673355067146e-77,0.0,0.0,18.0,113.796556
Solve_15,heavy_hole,2,1.307771878859,1.0924618607345,1.0425935077925,1.0924618607345,215.3100181245,True,"{""binding"": true, ""active_probability"": true, ""left_boundary_probability"": true, ""right_boundary_probability"": true, ""left_boundary_amplitude"": true, ""right_boundary_amplitude"": true}",63.64510279230258,2.2090533435321698,0.988409840992551,0.01157066687870398,1.9492128744963996e-05,3.009366266427497e-58,5.764439736511168e-73,0.0,0.0,18.0,113.796556
Solve_15,heavy_hole,3,1.291821981908,1.0924618607345,1.0425935077925,1.0924618607345,199.3601211734999,True,"{""binding"": true, ""active_probability"": true, ""left_boundary_probability"": true, ""right_boundary_probability"": true, ""left_boundary_amplitude"": true, ""right_boundary_amplitude"": true}",70.33949282231175,0.8361946236601286,0.976555735199391,4.5549729460998286e-05,0.023398715071148157,2.5293175139480582e-58,5.166364957682105e-68,0.0,0.0,18.0,113.796556
Solve_15,heavy_hole,4,1.254037252195,1.0924618607345,1.0425935077925,1.0924618607345,161.57539146050004,True,"{""binding"": true, ""active_probability"": true, ""left_boundary_probability"": true, ""right_boundary_probability"": true, ""left_boundary_amplitude"": true, ""right_boundary_amplitude"": true}",63.61392203093264,2.3674467603964664,0.9720350549126903,0.027879315822473116,8.56292648366893e-05,5.586915393087941e-50,9.953552024672098e-66,0.0,0.0,18.0,113.796556
Solve_15,heavy_hole,5,1.182085450295,1.0924618607345,1.0425935077925,1.0924618607345,89.62358956049998,True,"{""binding"": true, ""active_probability"": true, ""left_boundary_probability"": true, ""right_boundary_probability"": true, ""left_boundary_amplitude"": true, ""right_boundary_amplitude"": true}",63.799880897582526,2.7327027159063872,0.9393763180942829,0.05780974266934549,0.002813939236371665,2.926412935843569e-35,5.740644318616574e-54,0.0,0.0,18.0,113.796556
Solve_15,heavy_hole,6,1.158802308582,1.0924618607345,1.0425935077925,1.0924618607345,66.34044784750004,True,"{""binding"": true, ""active_probability"": true, ""left_boundary_probability"": true, ""right_boundary_probability"": true, ""left_boundary_amplitude"": true, ""right_boundary_amplitude"": true}",70.07128780036761,2.0019415562048435,0.8805047658233051,0.003855353829316119,0.1156398803473789,5.2883015935465904e-30,1.5191978317789e-48,0.0,0.0,18.0,113.796556
Solve_16,electron,1,3.063569373146,3.4268855470458,3.4857723072285,3.4268855470458,363.3161738998001,True,"{""binding"": true, ""active_probability"": true, ""left_boundary_probability"": true, ""right_boundary_probability"": true, ""left_boundary_amplitude"": true, ""right_boundary_amplitude"": true}",63.57562671369024,1.892632563616668,0.980690733532514,0.019111075419293945,0.0001981910481921694,1.3277168728264487e-37,1.146112070256743e-44,0.0,0.0,18.0,113.9
Solve_16,electron,2,3.178530448315,3.4268855470458,3.4857723072285,3.4268855470458,248.35509873080008,True,"{""binding"": true, ""active_probability"": true, ""left_boundary_probability"": true, ""right_boundary_probability"": true, ""left_boundary_amplitude"": true, ""right_boundary_amplitude"": true}",69.49469646332224,2.685609936055382,0.918735431364238,0.0076765878750508325,0.07358798076071127,1.5258646442974443e-31,1.2649795836664522e-36,0.0,0.0,18.0,113.9
Solve_16,electron,3,3.236949616878,3.4268855470458,3.4857723072285,3.4268855470458,189.9359301678003,True,"{""binding"": true, ""active_probability"": true, ""left_boundary_probability"": true, ""right_boundary_probability"": true, ""left_boundary_amplitude"": true, ""right_boundary_amplitude"": true}",64.37459417042973,3.546060852472186,0.9088433562794153,0.07299666151828464,0.018159982202300303,1.2242951909164334e-26,4.348280052974299e-34,0.0,0.0,18.0,113.9
Solve_16,electron,4,3.386821630402,3.4268855470458,3.4857723072285,3.4268855470458,40.06391664380038,False,"{""binding"": true, ""active_probability"": false, ""left_boundary_probability"": false, ""right_boundary_probability"": true, ""left_boundary_amplitude"": true, ""right_boundary_amplitude"": true}",26.885818348311435,3.854498169122769,2.802572252526627e-09,0.9999999971379392,5.94884580388111e-11,0.005454910455662865,1.6989373005832832e-32,0.0,0.0,18.0,113.9
Solve_16,electron,5,3.40616884271,3.4268855470458,3.4857723072285,3.4268855470458,20.716704335800085,False,"{""binding"": true, ""active_probability"": false, ""left_boundary_probability"": false, ""right_boundary_probability"": true, ""left_boundary_amplitude"": true, ""right_boundary_amplitude"": true}",33.33134625003547,6.738830792136289,3.366211599275068e-06,0.9999965440234851,8.976491566060464e-08,0.005332250362409837,1.2056678327618884e-27,0.0,0.0,18.0,113.9
Solve_16,electron,6,3.422030371368,3.4268855470458,3.4857723072285,3.4268855470458,4.855175677800361,False,"{""binding"": false, ""active_probability"": false, ""left_boundary_probability"": false, ""right_boundary_probability"": true, ""left_boundary_amplitude"": true, ""right_boundary_amplitude"": true}",38.536156511517255,9.070765109264574,0.0003806031922408285,0.9996065828778342,1.2813929924839861e-05,0.00526418826991166,5.271248334547303e-24,0.0,0.0,18.0,113.9
Solve_16,heavy_hole,1,1.57627394758,1.281989953242,1.3408767134247,1.3408767134247,235.3972341553001,True,"{""binding"": true, ""active_probability"": true, ""left_boundary_probability"": true, ""right_boundary_probability"": true, ""left_boundary_amplitude"": true, ""right_boundary_amplitude"": true}",63.87660292105842,1.4909519581838093,0.9983713680826048,0.0016248365899990697,3.7953273960805416e-06,9.504808043215735e-75,1.4785455425510873e-59,0.0,0.0,18.0,113.9
Solve_16,heavy_hole,2,1.555749090565,1.281989953242,1.3408767134247,1.3408767134247,214.87237714030005,True,"{""binding"": true, ""active_probability"": true, ""left_boundary_probability"": true, ""right_boundary_probability"": true, ""left_boundary_amplitude"": true, ""right_boundary_amplitude"": true}",70.38933289610016,0.8966274194319728,0.9771221134261068,2.493956378106513e-05,0.02285294701011214,2.9468565023190526e-74,7.041017844928895e-58,0.0,0.0,18.0,113.9
Solve_16,heavy_hole,3,1.543492738201,1.281989953242,1.3408767134247,1.3408767134247,202.61602477630004,True,"{""binding"": true, ""active_probability"": true, ""left_boundary_probability"": true, ""right_boundary_probability"": true, ""left_boundary_amplitude"": true, ""right_boundary_amplitude"": true}",63.5533661729465,2.2446315581187224,0.9906955487203188,0.009172322431565906,0.00013212884811520585,2.8291451299062195e-70,1.3571289064660362e-57,0.0,0.0,18.0,113.9
Solve_16,heavy_hole,4,1.490539978732,1.281989953242,1.3408767134247,1.3408767134247,149.6632653073,True,"{""binding"": true, ""active_probability"": true, ""left_boundary_probability"": true, ""right_boundary_probability"": true, ""left_boundary_amplitude"": true, ""right_boundary_amplitude"": true}",63.58169419198585,2.3902460030993162,0.9757959071651157,0.024034915281625865,0.00016917755325857414,2.4228974191649447e-63,1.893561108908411e-49,0.0,0.0,18.0,113.9
Solve_16,heavy_hole,5,1.432602587127,1.281989953242,1.3408767134247,1.3408767134247,91.72587370230012,True,"{""binding"": true, ""active_probability"": true, ""left_boundary_probability"": true, ""right_boundary_probability"": true, ""left_boundary_amplitude"": true, ""right_boundary_amplitude"": true}",69.7754592492156,2.4142183737831617,0.8974070509623641,0.0041144363075342775,0.09847851273010158,4.99764395482604e-56,1.650862908709943e-34,0.0,0.0,18.0,113.9
Solve_16,heavy_hole,6,1.417140273897,1.281989953242,1.3408767134247,1.3408767134247,76.2635604723001,True,"{""binding"": true, ""active_probability"": true, ""left_boundary_probability"": true, ""right_boundary_probability"": true, ""left_boundary_amplitude"": true, ""right_boundary_amplitude"": true}",64.18035162816099,3.1535457003683023,0.9381136560140277,0.04880135642596964,0.013084987560002672,1.4325720484399843e-52,3.764545970208996e-31,0.0,0.0,18.0,113.9
