wavelength_nm,photon_energy_eV,chi2_raw_real_pm_per_V,chi2_raw_imag_pm_per_V,chi2_raw_abs_pm_per_V,chi2_scaled_real_pm_per_V,chi2_scaled_imag_pm_per_V,chi2_scaled_abs_pm_per_V
1.400000000000000000e+03,8.856014171428571169e-01,-6.336380354763153644e-01,-3.668678885364415265e+01,3.669226040395809463e+01,-2.501502697453857493e+01,-1.448336370927049302e+03,1.448552379075286353e+03
1.401000000000000000e+03,8.849692962169878330e-01,-4.104552513318092677e-01,-3.671069233729355830e+01,3.671298687653688830e+01,-1.620412381997871520e+01,-1.449280042636759390e+03,1.449370627415217314e+03
1.402000000000000000e+03,8.843380770328101992e-01,-1.639740716038103063e-01,-3.664494519093783964e+01,3.664531205410859371e+01,-6.473436875062079210e+00,-1.446684449336633634e+03,1.446698932514092348e+03
1.403000000000000000e+03,8.837077576621524821e-01,-9.532404770556732534e-03,-3.658487311116775942e+01,3.658487435302991742e+01,-3.763242563057577761e-01,-1.444312898685108166e+03,1.444312947711861170e+03
1.404000000000000000e+03,8.830783361823361099e-01,1.684290484209346461e-01,-3.659372122168102948e+01,3.659410883181144669e+01,6.649312310266164872e+00,-1.444662208086960391e+03,1.444677510321556611e+03
1.405000000000000000e+03,8.824498106761564653e-01,3.722886130245785519e-01,-3.656004979912797381e+01,3.656194524537918511e+01,1.469736533433134440e+01,-1.443332913606078364e+03,1.443407742824730349e+03
1.406000000000000000e+03,8.818221792318633456e-01,5.143030362112488429e-01,-3.654257153886599951e+01,3.654619053042594601e+01,2.030387003873675411e+01,-1.442642899548458217e+03,1.442785771608568439e+03
1.407000000000000000e+03,8.811954399431414231e-01,7.016282965478667366e-01,-3.659169398646029947e+01,3.659842006241896684e+01,2.769917489415056977e+01,-1.444582176048334077e+03,1.444847710883869013e+03
1.408000000000000000e+03,8.805695909090908158e-01,9.380185548471008383e-01,-3.657408881187792815e+01,3.658611555260235093e+01,3.703148822888972092e+01,-1.443887151614173945e+03,1.444361948306911927e+03
1.409000000000000000e+03,8.799446302342085469e-01,1.088978527368611227e+00,-3.653706886411727339e+01,3.655329363291792788e+01,4.299114906563630711e+01,-1.442425662656786926e+03,1.443066190855033256e+03
1.410000000000000000e+03,8.793205560283687827e-01,1.247315806822067774e+00,-3.659388763344248474e+01,3.661513906638841576e+01,4.924205430623763391e+01,-1.444668777759973409e+03,1.445507750704503678e+03
1.411000000000000000e+03,8.786973664068036260e-01,1.488280650520540593e+00,-3.662314737547484356e+01,3.665337505579074673e+01,5.875496503373461366e+01,-1.445823906074922661e+03,1.447017247061644866e+03
1.412000000000000000e+03,8.780750594900849082e-01,1.685461441828692619e+00,-3.659725527708619808e+01,3.663604610336798828e+01,6.653935065655556969e+01,-1.444801727002082544e+03,1.446333127441253282e+03
1.413000000000000000e+03,8.774536334041046493e-01,1.858524039295346819e+00,-3.662374808393775538e+01,3.667087448262412863e+01,7.337158815103894938e+01,-1.445847621094480019e+03,1.447708096742009957e+03
1.414000000000000000e+03,8.768330862800565173e-01,2.077163324497095953e+00,-3.664702635100982064e+01,3.670584623528306878e+01,8.200312115695176374e+01,-1.446766610243056675e+03,1.449088726197835740e+03
1.415000000000000000e+03,8.762134162544168436e-01,2.268821665917237773e+00,-3.664696369146909660e+01,3.671712814961961868e+01,8.956948919689470756e+01,-1.446764136543541099e+03,1.449534118323390885e+03
1.416000000000000000e+03,8.755946214689265261e-01,2.465073411193442698e+00,-3.669110100725087165e+01,3.677381514130481577e+01,9.731719755249261539e+01,-1.448506607927909727e+03,1.451772031053874116e+03
1.417000000000000000e+03,8.749767000705716002e-01,2.708571987665940206e+00,-3.670520230705623277e+01,3.680500290197372948e+01,1.069301360405405603e+02,-1.449063304930389904e+03,1.453003274493706158e+03
1.418000000000000000e+03,8.743596502115654756e-01,2.900797032238678685e+00,-3.668522232697155516e+01,3.679973044196895415e+01,1.145188766241991800e+02,-1.448274526932880235e+03,1.452795126115835501e+03
1.419000000000000000e+03,8.737434700493305062e-01,3.080124752994167547e+00,-3.673061973269860658e+01,3.685953871716404961e+01,1.215984512722219932e+02,-1.450066744674327083e+03,1.455156262180183376e+03
1.420000000000000000e+03,8.731281577464787835e-01,3.324868026174906177e+00,-3.676866452318467537e+01,3.691868684297939041e+01,1.312605284167086097e+02,-1.451568692800806502e+03,1.457491336591636582e+03
1.421000000000000000e+03,8.725137114707951502e-01,3.545672142402422455e+00,-3.675751469215564526e+01,3.692812853754502100e+01,1.399775255258994662e+02,-1.451128515115224445e+03,1.457864079752591351e+03
1.422000000000000000e+03,8.719001293952179932e-01,3.741793134982549951e+00,-3.678078889949949826e+01,3.697062953121773177e+01,1.477200719719588733e+02,-1.452047343992155675e+03,1.459541951729403081e+03
1.423000000000000000e+03,8.712874096978214800e-01,3.970577691437519707e+00,-3.680549432730919079e+01,3.701904779814481117e+01,1.567521242331158646e+02,-1.453022675188321045e+03,1.461453428290829606e+03
1.424000000000000000e+03,8.706755505617976842e-01,4.182062275806980978e+00,-3.681375114199845910e+01,3.705053195331641547e+01,1.651012009717373985e+02,-1.453348641166705647e+03,1.462696372916614564e+03
1.425000000000000000e+03,8.700645501754384892e-01,4.399885914743499882e+00,-3.685148939708764715e+01,3.711322226439550320e+01,1.737005335537739370e+02,-1.454838487760776161e+03,1.465171287197141510e+03
1.426000000000000000e+03,8.694544067321177128e-01,4.647331411267602519e+00,-3.686347737479849229e+01,3.715526414128198240e+01,1.834692901998702439e+02,-1.455311754151076684e+03,1.466831033969737064e+03
1.427000000000000000e+03,8.688451184302732333e-01,4.856257177971420980e+00,-3.685955015794991851e+01,3.717808052636694072e+01,1.917173488661140652e+02,-1.455156713844305614e+03,1.467731788748342751e+03
1.428000000000000000e+03,8.682366834733893368e-01,5.068399743833182036e+00,-3.689932062659620726e+01,3.724578551551351069e+01,2.000924016728645540e+02,-1.456726789013845064e+03,1.470404674583769747e+03
1.429000000000000000e+03,8.676291000699789535e-01,5.317759257811535356e+00,-3.692181393420034397e+01,3.730280026641097635e+01,2.099367206993216541e+02,-1.457614789204744056e+03,1.472655526729307894e+03
1.430000000000000000e+03,8.670223664335663383e-01,5.543725939281804571e+00,-3.692576613066837155e+01,3.733959161033608609e+01,2.188575277150757756e+02,-1.457770815667363422e+03,1.474107990769009348e+03
1.431000000000000000e+03,8.664164807826694181e-01,5.772410758936906028e+00,-3.695199631351984237e+01,3.740014381689293543e+01,2.278856425251970279e+02,-1.458806341779812328e+03,1.476498496066325288e+03
1.432000000000000000e+03,8.658114413407820287e-01,6.012926790599576243e+00,-3.696267942494789338e+01,3.744856417622145273e+01,2.373808348637188033e+02,-1.459228094114082978e+03,1.478410055232449849e+03
1.433000000000000000e+03,8.652072463363572608e-01,6.235138464533780400e+00,-3.698030094274965052e+01,3.750226139165796724e+01,2.461534001238566702e+02,-1.459923763752683726e+03,1.480529936327644009e+03
1.434000000000000000e+03,8.646038940027893638e-01,6.481067595285198379e+00,-3.701235139915616656e+01,3.757550256841913949e+01,2.558622930487376266e+02,-1.461189065055110177e+03,1.483421382089655935e+03
1.435000000000000000e+03,8.640013825783972035e-01,6.731185785804605359e+00,-3.701602496440228407e+01,3.762306428573131001e+01,2.657365634245090291e+02,-1.461334091597993392e+03,1.485299043427686456e+03
1.436000000000000000e+03,8.633997103064066092e-01,6.959191433193995913e+00,-3.703021057012197303e+01,3.767846653290728653e+01,2.747378655882993712e+02,-1.461894116864565603e+03,1.487486236477918965e+03
1.437000000000000000e+03,8.627988754349338318e-01,7.207140880648758241e+00,-3.705618000693935699e+01,3.775054114023016893e+01,2.845265174196879912e+02,-1.462919349136192750e+03,1.490331627924482291e+03
1.438000000000000000e+03,8.621988762169680021e-01,7.454655330110895761e+00,-3.706615850985249239e+01,3.780835876850859734e+01,2.942979962186668104e+02,-1.463313284641263635e+03,1.492614176398551535e+03
1.439000000000000000e+03,8.615997109103543661e-01,7.698934704362402570e+00,-3.708893583994200327e+01,3.787958232770485978e+01,3.039417593674991167e+02,-1.464212497590449402e+03,1.495425969811770074e+03
1.440000000000000000e+03,8.610013777777777433e-01,7.960490605960555577e+00,-3.710344365847661408e+01,3.794779232057294394e+01,3.142675724776751167e+02,-1.464785243309087264e+03,1.498118792395006494e+03
1.441000000000000000e+03,8.604038750867452068e-01,8.206453541592901857e+00,-3.710913849832178357e+01,3.800571062114153165e+01,3.239777999657626424e+02,-1.465010066574684743e+03,1.500405315251788124e+03
1.442000000000000000e+03,8.598072011095699851e-01,8.456601916257399765e+00,-3.713411693342528253e+01,3.808486256237969769e+01,3.338532619638187953e+02,-1.465996175666803765e+03,1.503530108642183450e+03
1.443000000000000000e+03,8.592113541233540319e-01,8.722022653608666687e+00,-3.714939299804763095e+01,3.815954768198193392e+01,3.443316526738287280e+02,-1.466599250525316165e+03,1.506478558982672439e+03
1.444000000000000000e+03,8.586163324099722605e-01,8.980400856527365860e+00,-3.716230186051067363e+01,3.823197979591996898e+01,3.545320152685166590e+02,-1.467108871988429655e+03,1.509338064224684558e+03
1.445000000000000000e+03,8.580221342560553355e-01,9.247767530435105243e+00,-3.717714927817401360e+01,3.831007221017214448e+01,3.650872284745341858e+02,-1.467695024543289264e+03,1.512421029166264589e+03
1.446000000000000000e+03,8.574287579529736858e-01,9.509721762219390584e+00,-3.718362531055311848e+01,3.838042208249455456e+01,3.754287670301429216e+02,-1.467950688053970907e+03,1.515198330804221769e+03
1.447000000000000000e+03,8.568362017968209621e-01,9.771488304667022007e+00,-3.720530471865266975e+01,3.846708570838247709e+01,3.857628959077392778e+02,-1.468806556780339861e+03,1.518619673618132538e+03
1.448000000000000000e+03,8.562444640883977165e-01,1.005241097168634212e+01,-3.722221028491198069e+01,3.855572467011723603e+01,3.968532782708578566e+02,-1.469473961784963194e+03,1.522118999565514287e+03
1.449000000000000000e+03,8.556535431331951935e-01,1.032792848668067620e+01,-3.722783385276834167e+01,3.863389341233050800e+01,4.077302737851189249e+02,-1.469695971345223597e+03,1.525204977814217727e+03
1.450000000000000000e+03,8.550634372413792317e-01,1.060261586921424914e+01,-3.723893818217085538e+01,3.871890985301183008e+01,4.185744969834273661e+02,-1.470134352698591783e+03,1.528561292362670201e+03
1.451000000000000000e+03,8.544741447277739432e-01,1.087905574085842630e+01,-3.725021001507292340e+01,3.880633968799097744e+01,4.294879056786909928e+02,-1.470579346825066523e+03,1.532012883899057442e+03
1.452000000000000000e+03,8.538856639118456160e-01,1.116198237316053721e+01,-3.726969206101729526e+01,3.890526695476850705e+01,4.406574014201083287e+02,-1.471348467170645790e+03,1.535918375849358654e+03
1.453000000000000000e+03,8.532979931176875033e-01,1.145968160176615847e+01,-3.727953534636234423e+01,3.900112893307752415e+01,4.524100958874960270e+02,-1.471737064500095812e+03,1.539702855061421360e+03
1.454000000000000000e+03,8.527111306740027263e-01,1.174757197068447567e+01,-3.728008930682319289e+01,3.908721665623077257e+01,4.637755520959259457e+02,-1.471758933982506278e+03,1.543101462146674294e+03
1.455000000000000000e+03,8.521250749140892866e-01,1.203483317638556116e+01,-3.729244170257006630e+01,3.918626567718615661e+01,4.751161699361246633e+02,-1.472246587020215202e+03,1.547011760759253320e+03
1.456000000000000000e+03,8.515398241758240783e-01,1.233311739570640064e+01,-3.730676982721474388e+01,3.929250386062278722e+01,4.868919589112624067e+02,-1.472812238708425411e+03,1.551205876130493152e+03
1.457000000000000000e+03,8.509553768016471231e-01,1.264085200030562461e+01,-3.731818982837510390e+01,3.940099530925925109e+01,4.990408341429423444e+02,-1.473263082283276390e+03,1.555488946846265208e+03
1.458000000000000000e+03,8.503717311385459166e-01,1.295156311151508888e+01,-3.731823856088583113e+01,3.950182168354700707e+01,5.113072171455837633e+02,-1.473265006165685463e+03,1.559469412555930376e+03
1.459000000000000000e+03,8.497888855380396622e-01,1.325279578712533102e+01,-3.732106261811059511e+01,3.960427137469112324e+01,5.231994065094025927e+02,-1.473376495476143873e+03,1.563513964246355727e+03
1.460000000000000000e+03,8.492068383561642841e-01,1.356436396916529397e+01,-3.733562545491733431e+01,3.972330421802623590e+01,5.354996253122069447e+02,-1.473951413229104219e+03,1.568213192544173125e+03
1.461000000000000000e+03,8.486255879534564395e-01,1.388977977050092072e+01,-3.734412291841411502e+01,3.984356282536288063e+01,5.483465262123913817e+02,-1.474286879641608039e+03,1.572960812065127811e+03
1.462000000000000000e+03,8.480451326949384194e-01,1.421827395253599313e+01,-3.734381841846733607e+01,3.995898007032741361e+01,5.613149567113738385e+02,-1.474274858465548505e+03,1.577517302260582028e+03
1.463000000000000000e+03,8.474654709501024952e-01,1.454198536458050128e+01,-3.734097321810096304e+01,4.007265425721893592e+01,5.740945710193631157e+02,-1.474162534457316269e+03,1.582004979281520718e+03
1.464000000000000000e+03,8.468866010928961519e-01,1.486879803716970017e+01,-3.734929620134612094e+01,4.020013783317203604e+01,5.869966181862354233e+02,-1.474491112665582705e+03,1.587037829130693808e+03
1.465000000000000000e+03,8.463085215017064344e-01,1.521323869350378821e+01,-3.735701875771184888e+01,4.033595768058018649e+01,6.005945902569117152e+02,-1.474795986970762215e+03,1.592399781785633422e+03
1.466000000000000000e+03,8.457312305593450708e-01,1.556317443637901476e+01,-3.735348497228427078e+01,4.046597630246709087e+01,6.144094996488308880e+02,-1.474656478713927982e+03,1.597532711236827481e+03
1.467000000000000000e+03,8.451547266530333724e-01,1.591065500376776143e+01,-3.734691034680689370e+01,4.059483532546168760e+01,6.281274825976028069e+02,-1.474396922903740005e+03,1.602619861558697721e+03
1.468000000000000000e+03,8.445790081743869138e-01,1.625990340027323455e+01,-3.734737081034899830e+01,4.073340846322494713e+01,6.419152566424982069e+02,-1.474415101275746792e+03,1.608090509760061650e+03
1.469000000000000000e+03,8.440040735194008770e-01,1.662470505571124946e+01,-3.735128364410083179e+01,4.088397250820259643e+01,6.563170487386410059e+02,-1.474569573760617686e+03,1.614034540003890015e+03
1.470000000000000000e+03,8.434299210884352860e-01,1.699990832514659544e+01,-3.734469732607999504e+01,4.103197900954710775e+01,6.711294800959299209e+02,-1.474309556347316402e+03,1.619877602472129183e+03
1.471000000000000000e+03,8.428565492861997965e-01,1.737450264006096035e+01,-3.733301048638308117e+01,4.117799186417271073e+01,6.859178708923373051e+02,-1.473848178409286447e+03,1.625641958922643198e+03
1.472000000000000000e+03,8.422839565217390412e-01,1.775160750403441767e+01,-3.732582606711110174e+01,4.133203189500271435e+01,7.008053741929156786e+02,-1.473564548905022093e+03,1.631723215587537652e+03
1.473000000000000000e+03,8.417121412084180854e-01,1.814220715865475242e+01,-3.732246109074406348e+01,4.149826240287234214e+01,7.162256304741351869e+02,-1.473431704962775939e+03,1.638285732995799890e+03
1.474000000000000000e+03,8.411411017639076615e-01,1.854588469139779150e+01,-3.731127887245197883e+01,4.166630977281890580e+01,7.321621806892612767e+02,-1.472990248679298247e+03,1.644919977243864651e+03
1.475000000000000000e+03,8.405708366101694029e-01,1.895286044952678850e+01,-3.729354640451547453e+01,4.183323466629117604e+01,7.482289396235277081e+02,-1.472290198904944191e+03,1.651509907896924915e+03
1.476000000000000000e+03,8.400013441734416331e-01,1.936379795019236383e+01,-3.727736073957290586e+01,4.200664584043965277e+01,7.644521018840945317e+02,-1.471651214465137855e+03,1.658355906647220536e+03
1.477000000000000000e+03,8.394326228842247106e-01,1.978703993902162850e+01,-3.726403871313143412e+01,4.219165238245825833e+01,7.811610258667949438e+02,-1.471125281941944650e+03,1.665659672172568889e+03
1.478000000000000000e+03,8.388646711772664855e-01,2.022484524778620241e+01,-3.724526845897022298e+01,4.238224142111484127e+01,7.984448866756073357e+02,-1.470384262009628628e+03,1.673183825831466720e+03
1.479000000000000000e+03,8.382974874915483099e-01,2.067059603734122319e+01,-3.721947691470666797e+01,4.257420583338377895e+01,8.160424224931325625e+02,-1.469366052654530904e+03,1.680762277064195132e+03
1.480000000000000000e+03,8.377310702702701617e-01,2.112298857221978565e+01,-3.719207253156490367e+01,4.277184711250277616e+01,8.339021639061625137e+02,-1.468284170972670609e+03,1.688564842017114415e+03
1.481000000000000000e+03,8.371654179608372104e-01,2.158762038745508249e+01,-3.716550500229978837e+01,4.298022936268298366e+01,8.522450927402921934e+02,-1.467235326957626057e+03,1.696791443511064472e+03
1.482000000000000000e+03,8.366005290148447182e-01,2.206792317659541425e+01,-3.713496410470357034e+01,4.319720815499237432e+01,8.712066868265119410e+02,-1.466029620648310583e+03,1.705357422885143478e+03
1.483000000000000000e+03,8.360364018880647174e-01,2.256124598519318170e+01,-3.709746154294998632e+01,4.341925233505349979e+01,8.906822906780888616e+02,-1.464549078854169466e+03,1.714123375752213406e+03
1.484000000000000000e+03,8.354730350404312444e-01,2.306530910908096743e+01,-3.705490813606524370e+01,4.364716143427527584e+01,9.105819051818876915e+02,-1.462869137686685690e+03,1.723120866347124092e+03
1.485000000000000000e+03,8.349104269360269059e-01,2.358267113804320658e+01,-3.701028081977617745e+01,4.388511438248496432e+01,9.310065394138968031e+02,-1.461107321857664374e+03,1.732514872206734253e+03
1.486000000000000000e+03,8.343485760430685572e-01,2.411766518457385189e+01,-3.696212053148182974e+01,4.413456840322556474e+01,9.521272577986786700e+02,-1.459206029884433519e+03,1.742362922210617398e+03
1.487000000000000000e+03,8.337874808338936461e-01,2.467126686063276253e+01,-3.690643115122549034e+01,4.439319845233843864e+01,9.739825759526044067e+02,-1.457007501274546030e+03,1.752573227294530625e+03
1.488000000000000000e+03,8.332271397849462247e-01,2.524109168476937626e+01,-3.684191898299135204e+01,4.465915028063377434e+01,9.964783583211992664e+02,-1.454460662956436181e+03,1.763072584634616760e+03
1.489000000000000000e+03,8.326675513767628489e-01,2.582705817264400849e+01,-3.677142538845123454e+01,4.493522737175782567e+01,1.019611388031672732e+03,-1.451677687392749021e+03,1.773971671329008132e+03
1.490000000000000000e+03,8.321087140939597004e-01,2.643431657961023618e+01,-3.669617136074790409e+01,4.522590060538797019e+01,1.043584989015642122e+03,-1.448706777460666899e+03,1.785446990632667621e+03
1.491000000000000000e+03,8.315506264252179314e-01,2.706710840094608983e+01,-3.661129174107815487e+01,4.553037491761850220e+01,1.068566608794961212e+03,-1.445355864389245880e+03,1.797467154680704652e+03
1.492000000000000000e+03,8.309932868632706748e-01,2.772328505601388215e+01,-3.651239522319659869e+01,4.584468932419449061e+01,1.094471424805957668e+03,-1.441451586356700773e+03,1.809875790082576941e+03
1.493000000000000000e+03,8.304366939048893892e-01,2.840110526992335949e+01,-3.640211195338606132e+01,4.617073245271424753e+01,1.121230694271350785e+03,-1.437097777376346357e+03,1.822747456867311030e+03
1.494000000000000000e+03,8.298808460508700913e-01,2.910694425150999365e+01,-3.628288831377781065e+01,4.651518233921677847e+01,1.149096100347862375e+03,-1.432391016743580622e+03,1.836345793330431889e+03
1.495000000000000000e+03,8.293257418060200337e-01,2.984775856205006406e+01,-3.614843060013790677e+01,4.687854227715938293e+01,1.178342277066647512e+03,-1.427082838974377410e+03,1.850690668701223331e+03
1.496000000000000000e+03,8.287713796791442711e-01,3.062189932217418686e+01,-3.599152773562029495e+01,4.725559000627647066e+01,1.208904129279382232e+03,-1.420888562165631356e+03,1.865575916408082321e+03
1.497000000000000000e+03,8.282177581830326707e-01,3.142747379799915564e+01,-3.581383271834884141e+01,4.764784069925726584e+01,1.240706934847411731e+03,-1.413873444067575065e+03,1.881061353071176654e+03
1.498000000000000000e+03,8.276648758344459234e-01,3.227280084836169038e+01,-3.561688349991209179e+01,4.806345872743996495e+01,1.274079109153883564e+03,-1.406098200575277133e+03,1.897469295151672668e+03
1.499000000000000000e+03,8.271127311541026650e-01,3.316703744792931019e+01,-3.539123254905616278e+01,4.850352270107520525e+01,1.309382155068714837e+03,-1.397189858104566611e+03,1.914842324475477881e+03
1.500000000000000000e+03,8.265613226666665980e-01,3.410953375344527672e+01,-3.512609099933771972e+01,4.896225650203610513e+01,1.346590417808437905e+03,-1.386722489280515219e+03,1.932952409039046188e+03
1.501000000000000000e+03,8.260106489007328356e-01,3.510011577146726580e+01,-3.481958768996760512e+01,4.944109438584211347e+01,1.385697028387277214e+03,-1.374622223636084527e+03,1.951856170980726802e+03
1.502000000000000000e+03,8.254607083888148011e-01,3.614958794433751876e+01,-3.446761945962251161e+01,4.994806802829055670e+01,1.427128529092001600e+03,-1.360727074855053843e+03,1.971870688151708009e+03
1.503000000000000000e+03,8.249114996673319045e-01,3.726846207542617151e+01,-3.405294251472989941e+01,5.048307795072501847e+01,1.471299909285831973e+03,-1.344356285253684518e+03,1.992992033292051246e+03
1.504000000000000000e+03,8.243630212765956644e-01,3.845703302765581810e+01,-3.355578476197175775e+01,5.103855484123728559e+01,1.518222809690362737e+03,-1.324729283875054534e+03,2.014921381945264557e+03
1.505000000000000000e+03,8.238152717607972741e-01,3.971643909336926015e+01,-3.296147871467654511e+01,5.161254317814019288e+01,1.567942168286058632e+03,-1.301267021555139081e+03,2.037581533209547388e+03
1.506000000000000000e+03,8.232682496679946116e-01,4.105559829353484247e+01,-3.224698380066261194e+01,5.220565214112642138e+01,1.620810054428912963e+03,-1.273059892963507536e+03,2.060996536535205450e+03
1.507000000000000000e+03,8.227219535500994718e-01,4.247683570149347076e+01,-3.137128541765116552e+01,5.280567317975791042e+01,1.676918258335238079e+03,-1.238488706503521598e+03,2.084684417669699542e+03
1.508000000000000000e+03,8.221763819628646885e-01,4.396459722843825801e+01,-3.028496593026850547e+01,5.338599976451059348e+01,1.735652729191661138e+03,-1.195602532128877101e+03,2.107594792929477080e+03
1.509000000000000000e+03,8.216315334658713665e-01,4.548843414583409128e+01,-2.893485582098930919e+01,5.391125599001866675e+01,1.795811399377550288e+03,-1.142302321422888554e+03,2.128331077549373276e+03
1.510000000000000000e+03,8.210874066225164469e-01,4.699421136624432194e+01,-2.725710062971986858e+01,5.432683900866975080e+01,1.855257101304033540e+03,-1.076067201344075102e+03,2.144737637508959779e+03
1.511000000000000000e+03,8.205439999999999401e-01,4.837696065997671724e+01,-2.518978488478127176e+01,5.454223670916412203e+01,1.909845855364132149e+03,-9.944528470453259388e+02,2.153241197880095569e+03
1.512000000000000000e+03,8.200013121693121576e-01,4.947029446133025488e+01,-2.272064237049918489e+01,5.443838373628340577e+01,1.953008943754925895e+03,-8.969750077418244700e+02,2.149141246847255843e+03
1.513000000000000000e+03,8.194593417052213891e-01,5.008556753810609763e+01,-1.994216665744828276e+01,5.390968453448442688e+01,1.977298951220601111e+03,-7.872851832384359341e+02,2.128269038971545797e+03
1.514000000000000000e+03,8.189180871862614675e-01,5.009899841245353258e+01,-1.706249493785720261e+01,5.292483703740072798e+01,1.977829180886880749e+03,-6.736003005289613839e+02,2.089388818205069583e+03
1.515000000000000000e+03,8.183775471947194458e-01,4.952817953792806804e+01,-1.433265631209742175e+01,5.156031036855715399e+01,1.955294154981914744e+03,-5.658305912687113732e+02,2.035519464540179570e+03
1.516000000000000000e+03,8.178377203166226073e-01,4.851836033446239327e+01,-1.193602822811857678e+01,4.996498833590554511e+01,1.915428090762597549e+03,-4.712155069270636432e+02,1.972538675121727238e+03
1.517000000000000000e+03,8.172986051417270303e-01,4.725497139115672951e+01,-9.938953385644509808e+00,4.828887155008962395e+01,1.865551494462048367e+03,-3.923741523087161340e+02,1.906368236697612929e+03
1.518000000000000000e+03,8.167602002635045988e-01,4.589049618655631235e+01,-8.318419878897383768e+00,4.663832918887612067e+01,1.811684172524042197e+03,-3.283980537874992933e+02,1.841207436087943961e+03
1.519000000000000000e+03,8.162225042791309004e-01,4.452136736635896597e+01,-7.011863223967605308e+00,4.507014952318132828e+01,1.757633133206130196e+03,-2.768172645404292211e+02,1.779298184366983378e+03
1.520000000000000000e+03,8.156855157894736807e-01,4.319684823946189312e+01,-5.953270216623479882e+00,4.360515020149843224e+01,1.705343213989528522e+03,-2.350256877234451736e+02,1.721462329355485508e+03
1.521000000000000000e+03,8.151492333990795203e-01,4.193852705533356584e+01,-5.089095884157251781e+00,4.224617081451396672e+01,1.655666684802101145e+03,-2.009094525433766023e+02,1.667811973600399369e+03
1.522000000000000000e+03,8.146136557161628433e-01,4.075617862284466497e+01,-4.377708814231460188e+00,4.099061393050146052e+01,1.608989439630447123e+03,-1.728250167185059354e+02,1.618244574607328104e+03
1.523000000000000000e+03,8.140787813525934835e-01,3.965190301536912898e+01,-3.783912966326369531e+00,3.983203999391660943e+01,1.565394386048222259e+03,-1.493828962631752972e+02,1.572505908913306939e+03
1.524000000000000000e+03,8.135446089238844714e-01,3.861975029489638445e+01,-3.280544777908182219e+00,3.875883237250587854e+01,1.524646629917925793e+03,-1.295107167120532381e+02,1.530137370259075169e+03
1.525000000000000000e+03,8.130111370491802658e-01,3.765235101219593616e+01,-2.851218226021361879e+00,3.776015071630420294e+01,1.486455237045320928e+03,-1.125615838080264979e+02,1.490710998781732997e+03
1.526000000000000000e+03,8.124783643512449860e-01,3.674684110930181902e+01,-2.483513791827181016e+00,3.683066890875686994e+01,1.450707138953986259e+03,-9.804519459993468899e+01,1.454016527827727032e+03
1.527000000000000000e+03,8.119462894564505318e-01,3.589933440522001007e+01,-2.163260440402290818e+00,3.596445337372476558e+01,1.417248915367752261e+03,-8.540209905318779704e+01,1.419819709200348143e+03
1.528000000000000000e+03,8.114149109947643712e-01,3.510121971823527076e+01,-1.880567566219750519e+00,3.515155985271416483e+01,1.385740610458797391e+03,-7.424183171243342372e+01,1.387727959310014739e+03
1.529000000000000000e+03,8.108842275997383275e-01,3.434684669476572338e+01,-1.632328670590206476e+00,3.438561290369229795e+01,1.355959157208804754e+03,-6.444175292512576902e+01,1.357489585793745619e+03
1.530000000000000000e+03,8.103542379084966996e-01,3.363563055279793446e+01,-1.413647580599452835e+00,3.366532403180531219e+01,1.327881469349240888e+03,-5.580856953229471884e+01,1.329053720913620282e+03
1.531000000000000000e+03,8.098249405617242713e-01,3.296363878011942461e+01,-1.216651609102727516e+00,3.298608377428465133e+01,1.301352297520746561e+03,-4.803148030317091610e+01,1.302238390373528773e+03
1.532000000000000000e+03,8.092963342036553209e-01,3.232401188485573584e+01,-1.038571162387137425e+00,3.234069223735998833e+01,1.276100839838547472e+03,-4.100114606056231992e+01,1.276759353760498470e+03
1.533000000000000000e+03,8.087684174820612970e-01,3.171485266062995834e+01,-8.798356960325878218e-01,3.172705454556852445e+01,1.252052197597015947e+03,-3.473452103119500123e+01,1.252533908706181137e+03
1.534000000000000000e+03,8.082411890482398276e-01,3.113631360816295057e+01,-7.366741266226290996e-01,3.114502711308353611e+01,1.229212391283293982e+03,-2.908272880913343883e+01,1.229556386669346466e+03
1.535000000000000000e+03,8.077146475570031736e-01,3.058421750163857311e+01,-6.048325904168069256e-01,3.059019749282382961e+01,1.207416510632185009e+03,-2.387783358519997989e+01,1.207652591221466992e+03
1.536000000000000000e+03,8.071887916666665719e-01,3.005448825745238750e+01,-4.847357914206671947e-01,3.005839704982332350e+01,1.186503638312962039e+03,-1.913660200148379431e+01,1.186657951250510678e+03
1.537000000000000000e+03,8.066636200390370215e-01,2.954721480661918065e+01,-3.766505339361984062e-01,2.954961536895548591e+01,1.166477285181365005e+03,-1.486956706963744246e+01,1.166572055583762904e+03
1.538000000000000000e+03,8.061391313394017377e-01,2.906182333537097051e+01,-2.776329261322124653e-01,2.906314944423582958e+01,1.147314797977835042e+03,-1.096050859856719661e+01,1.147367150657390766e+03
1.539000000000000000e+03,8.056153242365171607e-01,2.859499163324904458e+01,-1.860855324419428414e-01,2.859559711443296948e+01,1.128885021090512737e+03,-7.346362359872225412e+00,1.128908924529543356e+03
1.540000000000000000e+03,8.050921974025972983e-01,2.814483546084148458e+01,-1.031032992722277358e-01,2.814502430995861104e+01,1.111113567729027864e+03,-4.070355105056055578e+00,1.111121023193338033e+03
1.541000000000000000e+03,8.045697495133029564e-01,2.771186904434235387e+01,-2.872562627093905654e-02,2.771188393257276417e+01,1.094020738729812820e+03,-1.134042269870834785e+00,1.094021326493590323e+03
1.542000000000000000e+03,8.040479792477301935e-01,2.729572117927677155e+01,3.884587600396975648e-02,2.729574882099593580e+01,1.077591879527592027e+03,1.533573715091805179e+00,1.077592970778924382e+03
1.543000000000000000e+03,8.035268852883992174e-01,2.689451280584010462e+01,1.002725810099189263e-01,2.689469973161997984e+01,1.061752807814694506e+03,3.958602827376340727e+00,1.061760187348693535e+03
1.544000000000000000e+03,8.030064663212435061e-01,2.650789001652508858e+01,1.545961066041283694e-01,2.650834082103909495e+01,1.046489551882754540e+03,6.103209656525539373e+00,1.046507348931616434e+03
1.545000000000000000e+03,8.024867210355985936e-01,2.613745717483346809e+01,2.026943975177986079e-01,2.613824310440620735e+01,1.031865449464084122e+03,8.002054071271285096e+00,1.031896476719964312e+03
1.546000000000000000e+03,8.019676481241914123e-01,2.578280245740863208e+01,2.477031757597533967e-01,2.578399230959081478e+01,1.017864242424231065e+03,9.778929414569086376e+00,1.017911215905566678e+03
1.547000000000000000e+03,8.014492462831285247e-01,2.544123966437684459e+01,2.907237313764413633e-01,2.544290069839221502e+01,1.004379883842811410e+03,1.147731287477618167e+01,1.004445458837325305e+03
1.548000000000000000e+03,8.009315142118862418e-01,2.511209909760496473e+01,3.310986370547088775e-01,2.511428174157866522e+01,9.913859350972563789e+02,1.307125026187937067e+01,9.914721024275316950e+02
1.549000000000000000e+03,8.004144506132988557e-01,2.479547434999284405e+01,3.704161894197737781e-01,2.479824099396038406e+01,9.788860910871507031e+02,1.462344501332859359e+01,9.789953138130638308e+02
1.550000000000000000e+03,7.998980541935483135e-01,2.448870825792799266e+01,4.100262147803426793e-01,2.449214065039472388e+01,9.667754511977576612e+02,1.618718613583232369e+01,9.669109566209414197e+02
1.551000000000000000e+03,7.993823236621533379e-01,2.419000606916929641e+01,4.481767788402208907e-01,2.419415747761303948e+01,9.549831614506061896e+02,1.769331003562997751e+01,9.551470524867945642e+02
1.552000000000000000e+03,7.988672577319586576e-01,2.390044848967802693e+01,4.843575066813221031e-01,2.390535588946609025e+01,9.435518864069429128e+02,1.912166791857058001e+01,9.437456227851276935e+02
1.553000000000000000e+03,7.983528551191242384e-01,2.361942760635929872e+01,5.202248448337933873e-01,2.362515596437894416e+01,9.324576266197410632e+02,2.053765367251054030e+01,9.326837731298279550e+02
1.554000000000000000e+03,7.978391145431145137e-01,2.334493263093255067e+01,5.552666832906613115e-01,2.335153529497262070e+01,9.216209993495459685e+02,2.192105000473520349e+01,9.218816620778211472e+02
1.555000000000000000e+03,7.973260347266880599e-01,2.307734363196546212e+01,5.881764137902923961e-01,2.308483789420138166e+01,9.110570091019911843e+02,2.322027408864649800e+01,9.113528707161774491e+02
1.556000000000000000e+03,7.968136143958868267e-01,2.281729403210107066e+01,6.199074233707327908e-01,2.282571339872875171e+01,9.007906624006986931e+02,2.447296413587099906e+01,9.011230456723905036e+02
1.557000000000000000e+03,7.963018522800255905e-01,2.256345271226054194e+01,6.511532137874599391e-01,2.257284649321487890e+01,8.907694087707930066e+02,2.570649849832077294e+01,8.911402603781922380e+02
1.558000000000000000e+03,7.957907471116816289e-01,2.231511893434394267e+01,6.809234121265121953e-01,2.232550536375599393e+01,8.809655841809338881e+02,2.688177882051443035e+01,8.813756239786810056e+02
1.559000000000000000e+03,7.952802976266837298e-01,2.207302271721487230e+01,7.090442801525596028e-01,2.208440797635066488e+01,8.714080086206770375e+02,2.799194619184375199e+01,8.718574806353736903e+02
1.560000000000000000e+03,7.947705025641025323e-01,2.183696034575335077e+01,7.365255527344874986e-01,2.184937772642129872e+01,8.620886397394442611e+02,2.907686334713227083e+01,8.625788582790057717e+02
1.561000000000000000e+03,7.942613606662395354e-01,2.160575377203006298e+01,7.632897773346518644e-01,2.161923234857738763e+01,8.529609700691236185e+02,3.013347258275437923e+01,8.534930829427712524e+02
1.562000000000000000e+03,7.937528706786171062e-01,2.137949895216696206e+01,7.884709124572453209e-01,2.139403332299684379e+01,8.440287878055694364e+02,3.112758395087587360e+01,8.446025817668080435e+02
1.563000000000000000e+03,7.932450313499679329e-01,2.115881752538253480e+01,8.126529823867045810e-01,2.117441767657890495e+01,8.353166342814483869e+02,3.208225380608885047e+01,8.359325035650698510e+02
1.564000000000000000e+03,7.927378414322250322e-01,2.094275044880452441e+01,8.365454467921851212e-01,2.095945143951651346e+01,8.267866480017489721e+02,3.302549049348565546e+01,8.274459766874833804e+02
1.565000000000000000e+03,7.922312996805110918e-01,2.073070172465864403e+01,8.592551509064225712e-01,2.074850147386851873e+01,8.184152999174467595e+02,3.392203367617891274e+01,8.191180058500070800e+02
1.566000000000000000e+03,7.917254048531289223e-01,2.052350185818085038e+01,8.807381709868314923e-01,2.054239100612647917e+01,8.102353770610692436e+02,3.477014931431609313e+01,8.109810907318573072e+02
1.567000000000000000e+03,7.912201557115506878e-01,2.032073065207501017e+01,9.019816683503133481e-01,2.034073905157383777e+01,8.022302907082837464e+02,3.560880897460869221e+01,8.030201906592933483e+02
1.568000000000000000e+03,7.907155510204081361e-01,2.012146247855123704e+01,9.224903531149092339e-01,2.014259766582591027e+01,7.943634985386546532e+02,3.641845939626153950e+01,7.951978822880305415e+02
1.569000000000000000e+03,7.902115895474823848e-01,1.992625238050187875e+01,9.417975395300537400e-01,1.994849659841366574e+01,7.866569127672743207e+02,3.718067656432377532e+01,7.875350792912781799e+02
1.570000000000000000e+03,7.897082700636942620e-01,1.973517229709079146e+01,9.607004474817814055e-01,1.975854172113042395e+01,7.791133734384961826e+02,3.792693345837881935e+01,7.800359613199060504e+02
1.571000000000000000e+03,7.892055913430935377e-01,1.954736044869741107e+01,9.791962603768634699e-01,1.957187077996469782e+01,7.716988588565760665e+02,3.865711888378292116e+01,7.726664879499671770e+02
1.572000000000000000e+03,7.887035521628498191e-01,1.936291299242794040e+01,9.966919481441651740e-01,1.938854802175320557e+01,7.644171651519084207e+02,3.934782095173590477e+01,7.654291955449112947e+02
1.573000000000000000e+03,7.882021513032421156e-01,1.918219619355966543e+01,1.013588011850167669e+00,1.920895654287294718e+01,7.572827518980639070e+02,4.001485081059131943e+01,7.583392081434921010e+02
1.574000000000000000e+03,7.877013875476492899e-01,1.900460696790722892e+01,1.030255602882636179e+00,1.903251198901235597e+01,7.502718102857227223e+02,4.067286092982973855e+01,7.513734563621693496e+02
1.575000000000000000e+03,7.872012596825396225e-01,1.882985647232749926e+01,1.046161764106854131e+00,1.885889575784151972e+01,7.433729372446576917e+02,4.130081100512165904e+01,7.445193622851123791e+02
1.576000000000000000e+03,7.867017664974618185e-01,1.865841220182628390e+01,1.061358908584078886e+00,1.868857481527392395e+01,7.366045887379361830e+02,4.190077022118728678e+01,7.377953609876609562e+02
1.577000000000000000e+03,7.862029067850347941e-01,1.848992436104517978e+01,1.076387453700474950e+00,1.852122870728764070e+01,7.299529553983232972e+02,4.249407340127829258e+01,7.311888014521144896e+02
1.578000000000000000e+03,7.857046793409377949e-01,1.832392066963760513e+01,1.090845918970100081e+00,1.835636166363329380e+01,7.233993923450702823e+02,4.306487073111065911e+01,7.246801114535325041e+02
1.579000000000000000e+03,7.852070829639011817e-01,1.816081700358333961e+01,1.104597607563608141e+00,1.819437853053181442e+01,7.169603177037781734e+02,4.360776563617024948e+01,7.182852736800899720e+02
1.580000000000000000e+03,7.847101164556961050e-01,1.800044697104584301e+01,1.118158520977428294e+00,1.803514262864222317e+01,7.106291625880386391e+02,4.414312903901758034e+01,7.119988922476862854e+02
1.581000000000000000e+03,7.842137786211258454e-01,1.784232831090811189e+01,1.131290516565111037e+00,1.787815700197040059e+01,7.043868880920796300e+02,4.466155944480669859e+01,7.058013481200541719e+02
1.582000000000000000e+03,7.837180682680151556e-01,1.768673375717537155e+01,1.143776460010779150e+00,1.772367838761699232e+01,6.982442613228550954e+02,4.515448473433916377e+01,6.997027768716679930e+02
1.583000000000000000e+03,7.832229842072014891e-01,1.753363968692693931e+01,1.156021354008081037e+00,1.757170754485465736e+01,6.922003496848365103e+02,4.563789377308574302e+01,6.937032084774102714e+02
1.584000000000000000e+03,7.827285252525252313e-01,1.738260431012641050e+01,1.167941392673876200e+00,1.742179725800831847e+01,6.862377120064738847e+02,4.610847803739408590e+01,6.877849875701017481e+02
1.585000000000000000e+03,7.822346902208201502e-01,1.723377545363923247e+01,1.179273782429314688e+00,1.727407604013549758e+01,6.803621842584941533e+02,4.655586285261463075e+01,6.819531876418941465e+02
1.586000000000000000e+03,7.817414779319040719e-01,1.708721692218742305e+01,1.190342491631045663e+00,1.712862800673978825e+01,6.745762853503582619e+02,4.699283797682176100e+01,6.762111294397659549e+02
1.587000000000000000e+03,7.812488872085695535e-01,1.694252339906902449e+01,1.201136642981907032e+00,1.698504719931962015e+01,6.688640140200443511e+02,4.741897399153570802e+01,6.705427863644615627e+02
1.588000000000000000e+03,7.807569168765742251e-01,1.679979085213936685e+01,1.211398844326970314e+00,1.684340998241336607e+01,6.632291589266216079e+02,4.782410946177610356e+01,6.649511731671175312e+02
1.589000000000000000e+03,7.802655657646317966e-01,1.665908634492745577e+01,1.221397133474017460e+00,1.670380102867029848e+01,6.576743676320945724e+02,4.821882609605237491e+01,6.594396325899413114e+02
1.590000000000000000e+03,7.797748327044025096e-01,1.652006726282784754e+01,1.231128863935386564e+00,1.656587759969182017e+01,6.521861142539918319e+02,4.860301941521932889e+01,6.539946338633041023e+02
1.591000000000000000e+03,7.792847165304839230e-01,1.638279805947413337e+01,1.240384604392436918e+00,1.642968734408306375e+01,6.467669433197764874e+02,4.896842140222030793e+01,6.486180580787373628e+02
1.592000000000000000e+03,7.787952160804019197e-01,1.624732331558962528e+01,1.249375025542229123e+00,1.629528928481328975e+01,6.414186148058605568e+02,4.932334900281086476e+01,6.433122353696702476e+02
1.593000000000000000e+03,7.783063301946012702e-01,1.611335735225531707e+01,1.258094514710819789e+00,1.616239731504661137e+01,6.361298505605784612e+02,4.966758063750515362e+01,6.380658706909553075e+02
1.594000000000000000e+03,7.778180577164365284e-01,1.598095165085550029e+01,1.266373204119545015e+00,1.603104852338402608e+01,6.309026829875188014e+02,4.999441019519957763e+01,6.328804282418722096e+02
1.595000000000000000e+03,7.773303974921629278e-01,1.585011764817173940e+01,1.274391786714566877e+00,1.590126736731795276e+01,6.257375635927196527e+02,5.031097114748087762e+01,6.277568735655194132e+02
1.596000000000000000e+03,7.768433483709272780e-01,1.572061308218429154e+01,1.282114229668722016e+00,1.577280864582027675e+01,6.206249282549960071e+02,5.061584097535084226e+01,6.226855265133121975e+02
1.597000000000000000e+03,7.763569092047588605e-01,1.559249515221367233e+01,1.289421458114077046e+00,1.564571867216242218e+01,6.155670351130102063e+02,5.090431879144702521e+01,6.176682154599208161e+02
1.598000000000000000e+03,7.758710788485606580e-01,1.546572450392772780e+01,1.296462893144713524e+00,1.551996940927048740e+01,6.105623305200023196e+02,5.118230350412042640e+01,6.127038335460325698e+02
1.599000000000000000e+03,7.753858561601000288e-01,1.534010937877106784e+01,1.303168757339497441e+00,1.539536308642202300e+01,6.056032441516442759e+02,5.144704041120021287e+01,6.077845730964777431e+02
1.600000000000000000e+03,7.749012399999999356e-01,1.521570383340213084e+01,1.309471894149406346e+00,1.527194682374763524e+01,6.006919100792715653e+02,5.169587827839918504e+01,6.029122943394492040e+02
1.601000000000000000e+03,7.744172292317300643e-01,1.509241932884279969e+01,1.315482872999499842e+00,1.514964080058609142e+01,5.958248329241318970e+02,5.193318221165414883e+01,5.980838460815494955e+02
1.602000000000000000e+03,7.739338227215979416e-01,1.497011635036880151e+01,1.321103009687602858e+00,1.502829653373212260e+01,5.909965048656787303e+02,5.215505631482064075e+01,5.932933664407939887e+02
1.603000000000000000e+03,7.734510193387398314e-01,1.484883055809539343e+01,1.326315026950812159e+00,1.490794689062659373e+01,5.862083337088337203e+02,5.236081850889873834e+01,5.885421529717384601e+02
1.604000000000000000e+03,7.729688179551121863e-01,1.472843205425425239e+01,1.331172564400446845e+00,1.478846615349261207e+01,5.814551912952534849e+02,5.255258640086422872e+01,5.838252425354869501e+02
1.605000000000000000e+03,7.724872174454827656e-01,1.460883470468374057e+01,1.335566377676651761e+00,1.466975763187491921e+01,5.767336771845342582e+02,5.272604719625781655e+01,5.791388179458674585e+02
1.606000000000000000e+03,7.720062166874220866e-01,1.449002994459352855e+01,1.339510125243023486e+00,1.455181277954213037e+01,5.720434532523074722e+02,5.288174010960921834e+01,5.744825418111894351e+02
1.607000000000000000e+03,7.715258145612943208e-01,1.437186995831441294e+01,1.342985385545784061e+00,1.443448148859147295e+01,5.673786839698553877e+02,5.301893788712543198e+01,5.698504881089810397e+02
1.608000000000000000e+03,7.710460099502487452e-01,1.425430571328700147e+01,1.345892633423901863e+00,1.431770436727030571e+01,5.627374336093223519e+02,5.313371143293714738e+01,5.652403121468294103e+02
1.609000000000000000e+03,7.705668017402113046e-01,1.413726541557457494e+01,1.348235702919841073e+00,1.420140883648621433e+01,5.581168678596927748e+02,5.322621210897387556e+01,5.606491486170144753e+02
1.610000000000000000e+03,7.700881888198757297e-01,1.402061296611803876e+01,1.349921340678934545e+00,1.408544907241858724e+01,5.535116137454763248e+02,5.329275842035703192e+01,5.560712406258498959e+02
1.611000000000000000e+03,7.696101700806952106e-01,1.390429865790155795e+01,1.350860645475965738e+00,1.396976541147412476e+01,5.489197089123443902e+02,5.332984068739201433e+01,5.515042327490837124e+02
1.612000000000000000e+03,7.691327444168734040e-01,1.378819414830890189e+01,1.350987759200559912e+00,1.385422194845201638e+01,5.443360865968962798e+02,5.333485893609478268e+01,5.469427596644432015e+02
1.613000000000000000e+03,7.686559107253564394e-01,1.367219071624997717e+01,1.350140861703171380e+00,1.373869278089996016e+01,5.397564546625352477e+02,5.330142476302479793e+01,5.423818509423392697e+02
1.614000000000000000e+03,7.681796679058240374e-01,1.355619901966727170e+01,1.348190129802696369e+00,1.362307412029037046e+01,5.351772860262054792e+02,5.322441295442370546e+01,5.378174091759376552e+02
1.615000000000000000e+03,7.677040148606810721e-01,1.344007635835502867e+01,1.344933755395181674e+00,1.350720175775927068e+01,5.305929471095912504e+02,5.309585644568768714e+01,5.332429516591312222e+02
1.616000000000000000e+03,7.672289504950494665e-01,1.332373668297968372e+01,1.340111284097783795e+00,1.339096178215533151e+01,5.260000408211679996e+02,5.290547290992399354e+01,5.286539813599185891e+02
1.617000000000000000e+03,7.667544737167594215e-01,1.320707191878424780e+01,1.333424811562203827e+00,1.327421449261797726e+01,5.213943005405467375e+02,5.264150155486429838e+01,5.240449831093860666e+02
1.618000000000000000e+03,7.662805834363410895e-01,1.309001472045541270e+01,1.324446857513680298e+00,1.315684783145709602e+01,5.167730675813248808e+02,5.228706613570395234e+01,5.194115330472477581e+02
1.619000000000000000e+03,7.658072785670165805e-01,1.297257229671382461e+01,1.312671519411603871e+00,1.303881660701389755e+01,5.121366265323865719e+02,5.182219442067766835e+01,5.147518470783254543e+02
1.620000000000000000e+03,7.653345580246913027e-01,1.285484327758264200e+01,1.297437083189660667e+00,1.292015242464450608e+01,5.074888711509743189e+02,5.122076298554086549e+01,5.100671729320669670e+02
1.621000000000000000e+03,7.648624207279456355e-01,1.273715834679478931e+01,1.277938552657462923e+00,1.280110658090512032e+01,5.028428563075917168e+02,5.045099185451943669e+01,5.053674313988605604e+02
1.622000000000000000e+03,7.643908655980270472e-01,1.262016630352156099e+01,1.253260384386405635e+00,1.268224188066185043e+01,4.982241955668640685e+02,4.947673682180403887e+01,5.006748411242399470e+02
1.623000000000000000e+03,7.639198915588415462e-01,1.250504804243773727e+01,1.222476852698633154e+00,1.256465981230927831e+01,4.936795087819093055e+02,4.826145170249719030e+01,4.960328871270328932e+02
1.624000000000000000e+03,7.634494975369457981e-01,1.239365607576791461e+01,1.184983373065490175e+00,1.245017656577048548e+01,4.892819302039474678e+02,4.678126845609949669e+01,4.915132697114718781e+02
1.625000000000000000e+03,7.629796824615383555e-01,1.228847487700085672e+01,1.140982981958760689e+00,1.234133124779497592e+01,4.851295429148946141e+02,4.504420264123297812e+01,4.872162287941555974e+02
1.626000000000000000e+03,7.625104452644525521e-01,1.219211349178550385e+01,1.092069054351605839e+00,1.224092505556873789e+01,4.813253479084286255e+02,4.311315818048841209e+01,4.832523512073848906e+02
1.627000000000000000e+03,7.620417848801475103e-01,1.210626862444997442e+01,1.041281612441612214e+00,1.215096734436196435e+01,4.779363283865659469e+02,4.110815033970864363e+01,4.797009631176316589e+02
1.628000000000000000e+03,7.615737002457001470e-01,1.203083159819222203e+01,9.922690605925739149e-01,1.207168202168486815e+01,4.749581939611315420e+02,3.917321234995708323e+01,4.765709040390890436e+02
1.629000000000000000e+03,7.611061903007979579e-01,1.196392668516598867e+01,9.479636303442146028e-01,1.200142394770229970e+01,4.723168938648985318e+02,3.742410407247162851e+01,4.737972264543272445e+02
1.630000000000000000e+03,7.606392539877300241e-01,1.190288174081784867e+01,9.098179088131276293e-01,1.193760287340352200e+01,4.699069360592880003e+02,3.591817134804784217e+01,4.712776714312014974e+02
1.631000000000000000e+03,7.601728902513794628e-01,1.184520603363153946e+01,8.779509882093201600e-01,1.187769775322131949e+01,4.676299904053602177e+02,3.466011574868582557e+01,4.689127120800092143e+02
1.632000000000000000e+03,7.597070980392156558e-01,1.178905832452312019e+01,8.517125168601290541e-01,1.181978470152414040e+01,4.654133676976500169e+02,3.362426241946249661e+01,4.666263964403652267e+02
1.633000000000000000e+03,7.592418763012859229e-01,1.173325560047793914e+01,8.301831750918655661e-01,1.176258862199781774e+01,4.632103644543336145e+02,3.277431807438804867e+01,4.643683857274929778e+02
1.634000000000000000e+03,7.587772239902079718e-01,1.167711305769346630e+01,8.124500236288543231e-01,1.170534255812489199e+01,4.609939457049177349e+02,3.207424131548997792e+01,4.621084017117119629e+02
1.635000000000000000e+03,7.583131400611620165e-01,1.162026752552872111e+01,7.977207866325106700e-01,1.164761674413624171e+01,4.587497740471760608e+02,3.149275434635477566e+01,4.598294779205166378e+02
1.636000000000000000e+03,7.578496234718825608e-01,1.156254926092004176e+01,7.853448369999517231e-01,1.158918944207079171e+01,4.564711482935558138e+02,3.100417143851010948e+01,4.575228604900808591e+02
1.637000000000000000e+03,7.573866731826511822e-01,1.150389591660322530e+01,7.748018880894871341e-01,1.152995833582356866e+01,4.541556070727241945e+02,3.058795249864138199e+01,4.551845101424847826e+02
1.638000000000000000e+03,7.569242881562880942e-01,1.144430225825926861e+01,7.656773485095458298e-01,1.146988735691937045e+01,4.518029437420503314e+02,3.022773011465697834e+01,4.528130029514024955e+02
1.639000000000000000e+03,7.564624673581451519e-01,1.138378917846588401e+01,7.576396065892736509e-01,1.140897339085466200e+01,4.494139831074411404e+02,2.991041278253241842e+01,4.504082159611621137e+02
1.640000000000000000e+03,7.560012097560975253e-01,1.132238715979783983e+01,7.504195444832819639e-01,1.134722787684716927e+01,4.469899285727135521e+02,2.962537615558268200e+01,4.479706007739786173e+02
1.641000000000000000e+03,7.555405143205361496e-01,1.126012604222811753e+01,7.437945814368799313e-01,1.128466520842504472e+01,4.445319581727821401e+02,2.936383309782339168e+01,4.455007256235671775e+02
1.642000000000000000e+03,7.550803800243605091e-01,1.119703004233090127e+01,7.375758836678797392e-01,1.122129671441893706e+01,4.420410279396753026e+02,2.911832875034351531e+01,4.429990377542347346e+02
1.643000000000000000e+03,7.546208058429700882e-01,1.113311461350132348e+01,7.315981716468686891e-01,1.115712673057511672e+01,4.395177479489796610e+02,2.888233813885944912e+01,4.404657083343835779e+02
1.644000000000000000e+03,7.541617907542578214e-01,1.106838506028949887e+01,7.257115685879912403e-01,1.109215060858904067e+01,4.369623276159397278e+02,2.864994436503000230e+01,4.379005538563055779e+02
1.645000000000000000e+03,7.537033337386017662e-01,1.100283574778536533e+01,7.197745260076887641e-01,1.102635342536385110e+01,4.343745444832229623e+02,2.841555931870997043e+01,4.353029851797510901e+02
1.646000000000000000e+03,7.532454337788577758e-01,1.093644980344352646e+01,7.136476044178869937e-01,1.095970926651484234e+01,4.317537324494363133e+02,2.817367814955861860e+01,4.326719792458188749e+02
1.647000000000000000e+03,7.527880898603520610e-01,1.086919914034744039e+01,7.071874031123757121e-01,1.089218086407172947e+01,4.290987826875590372e+02,2.791863962461143345e+01,4.300060647740145328e+02
1.648000000000000000e+03,7.523313009708737509e-01,1.080104474748181964e+01,7.002403045138335669e-01,1.082371951415825606e+01,4.264081551044387766e+02,2.764437916499953474e+01,4.273033190123725262e+02
1.649000000000000000e+03,7.518750661006670111e-01,1.073193744072278832e+01,6.926355315649073141e-01,1.075426544265919659e+01,4.236799079886931167e+02,2.734415476273550638e+01,4.245613821734095836e+02
1.650000000000000000e+03,7.514193842424241598e-01,1.066181934426195355e+01,6.841769994200842531e-01,1.068374886901661824e+01,4.209117564949897314e+02,2.701022529840229680e+01,4.217774994311195087e+02
1.651000000000000000e+03,7.509642543912780077e-01,1.059062667366654331e+01,6.746333837624638452e-01,1.061209232637297006e+01,4.181011825148546563e+02,2.663345845401527257e+01,4.189486125165491330e+02
1.652000000000000000e+03,7.505096755447940859e-01,1.051829479125677125e+01,6.637257231709203786e-01,1.053921520566773928e+01,4.152456342549724582e+02,2.620284127409572861e+01,4.160715391115448369e+02
1.653000000000000000e+03,7.500556467029642072e-01,1.044476717472455363e+01,6.511118534000536195e-01,1.046504218719836743e+01,4.123428803040604294e+02,2.570486565567447457e+01,4.131433057134352111e+02
1.654000000000000000e+03,7.496021668681982497e-01,1.037001104783606742e+01,6.363671488404418763e-01,1.038951838539041361e+01,4.093916267082723834e+02,2.512276805161724269e+01,4.101617455265920285e+02
1.655000000000000000e+03,7.491492350453171634e-01,1.029404417089241264e+01,6.189617960261241114e-01,1.031263589472759001e+01,4.063925746161919506e+02,2.443563226466243066e+01,4.071265464537419803e+02
1.656000000000000000e+03,7.486968502415458637e-01,1.021697985752722992e+01,5.982369552472874830e-01,1.023447921800326377e+01,4.033501974707682507e+02,2.361744834561170236e+01,4.040410445314502681e+02
1.657000000000000000e+03,7.482450114665056828e-01,1.013910039214331782e+01,5.733873225141656871e-01,1.015530057573781342e+01,4.002756394135380447e+02,2.263642416725861395e+01,4.009151970267488423e+02
1.658000000000000000e+03,7.477937177322073747e-01,1.006097066880543167e+01,5.434686450026527949e-01,1.007563839003088724e+01,3.971912015682920014e+02,2.145528212228901310e+01,3.977702599921348678e+02
1.659000000000000000e+03,7.473429680530438990e-01,9.983597268605997499e+00,5.074688852244598758e-01,9.996486337268112976e+00,3.941366221637497915e+02,2.003406857210896064e+01,3.946454621989240650e+02
1.660000000000000000e+03,7.468927614457830932e-01,9.908607026193896772e+00,4.645082095843399705e-01,9.919488952376040558e+00,3.911761260575528354e+02,1.833804907862295508e+01,3.916057272837113032e+02
1.661000000000000000e+03,7.464430969295604568e-01,9.838340175114673514e+00,4.142373037284921566e-01,9.847056917936226839e+00,3.884021019669041266e+02,1.635343326389645924e+01,3.887462251801632078e+02
1.662000000000000000e+03,7.459939735258723781e-01,9.775639141246028174e+00,3.574059811431381517e-01,9.782170498167483075e+00,3.859267643676128046e+02,1.410982257786390548e+01,3.861846120036811385e+02
1.663000000000000000e+03,7.455453902585688075e-01,9.723119176695123045e+00,2.963025518409305170e-01,9.727632894309071077e+00,3.838533592745060901e+02,1.169755587881302183e+01,3.840315537034176714e+02
1.664000000000000000e+03,7.450973461538461518e-01,9.682092887240472123e+00,2.345259217159257892e-01,9.684932890067397437e+00,3.822337062866581050e+02,9.258712276548154207e+00,3.823458251042570168e+02
1.665000000000000000e+03,7.446498402402401684e-01,9.651899747507385996e+00,1.759039488200273560e-01,9.653502521631391886e+00,3.810417289074886185e+02,6.944409549772557533e+00,3.811050038936815554e+02
1.666000000000000000e+03,7.442028715486194157e-01,9.630260705690870893e+00,1.232428267518620169e-01,9.631049270662019879e+00,3.801874537780980745e+02,4.865431781251484011e+00,3.802185850753372165e+02
1.667000000000000000e+03,7.437564391121774809e-01,9.614317349739369689e+00,7.779188096953970621e-02,9.614632061511466432e+00,3.795580353138297482e+02,3.071100363143953960e+00,3.795704596365936254e+02
1.668000000000000000e+03,7.433105419664267632e-01,9.601527143815600240e+00,3.951742508787894903e-02,9.601608465268375525e+00,3.790530982231255734e+02,1.560085410268196249e+00,3.790563086653984328e+02
1.669000000000000000e+03,7.428651791491910350e-01,9.590034277029381826e+00,7.676727576955600860e-03,9.590037349601134409e+00,3.785993780286680703e+02,3.030650571179407948e-01,3.785994993289388617e+02
1.670000000000000000e+03,7.424203497005987806e-01,9.578650599334421756e+00,-1.871467168440498624e-02,9.578668881586100525e+00,3.781499684467528937e+02,-7.388256240853834367e-01,3.781506902011194597e+02
1.671000000000000000e+03,7.419760526630759800e-01,9.566689793085496163e+00,-4.062275787561156482e-02,9.566776040317011010e+00,3.776777747427730674e+02,-1.603722199654093350e+00,3.776811796469960427e+02
1.672000000000000000e+03,7.415322870813396694e-01,9.553797184750864702e+00,-5.888880243171323858e-02,9.553978675839996271e+00,3.771687949669289992e+02,-2.324836734619674772e+00,3.771759599479372014e+02
1.673000000000000000e+03,7.410890520023908357e-01,9.539821348672141710e+00,-7.420555463690357845e-02,9.540109948471229728e+00,3.766170510738431858e+02,-2.929517874518641207e+00,3.766284445372321557e+02
1.674000000000000000e+03,7.406463464755077553e-01,9.524728952286329431e+00,-8.712856780621977548e-02,9.525127453312601133e+00,3.760212271466735956e+02,-3.439697985123517654e+00,3.760369593366045251e+02
1.675000000000000000e+03,7.402041695522387776e-01,9.508551855417533005e+00,-9.809851915749633056e-02,9.509057876920566699e+00,3.753825809608609916e+02,-3.872774305668698513e+00,3.754025578890745578e+02
1.676000000000000000e+03,7.397625202863961080e-01,9.491355454124740021e+00,-1.074641324137775023e-01,9.491963806099288803e+00,3.747036942493321021e+02,-4.242513896921072281e+00,3.747277110226337413e+02
1.677000000000000000e+03,7.393213977340488130e-01,9.473220221701634358e+00,-1.155020387218562150e-01,9.473924323626702559e+00,3.739877439703806203e+02,-4.559837718816102559e+00,3.740155408002145236e+02
1.678000000000000000e+03,7.388808009535160481e-01,9.454231206582312197e+00,-1.224328082674854129e-01,9.455023929110655700e+00,3.732380877016045702e+02,-4.833453533258014190e+00,3.732693831326229201e+02
1.679000000000000000e+03,7.384407290053602857e-01,9.434472249033555968e+00,-1.284334698756338933e-01,9.435346404556041122e+00,3.724580353240680211e+02,-5.070350158126935014e+00,3.724925456008357969e+02
1.680000000000000000e+03,7.380011809523808752e-01,9.414022965018189026e+00,-1.336471415932715123e-01,9.414971584893175205e+00,3.716507299499992882e+02,-5.276177667447861097e+00,3.716881799615717910e+02
1.681000000000000000e+03,7.375621558596072713e-01,9.392957334697634053e+00,-1.381903983723566098e-01,9.393973817168770779e+00,3.708190921991053415e+02,-5.455538255856409613e+00,3.708592213185883679e+02
1.682000000000000000e+03,7.371236527942924832e-01,9.371343206867670972e+00,-1.421589082620243472e-01,9.372421387032439100e+00,3.699658006344801038e+02,-5.612208746547735494e+00,3.700083654812775649e+02
1.683000000000000000e+03,7.366856708259060804e-01,9.349242312671814048e+00,-1.456317574767635736e-01,9.350376485994495113e+00,3.690932923039864022e+02,-5.749311338124175386e+00,3.691380676720549445e+02
1.684000000000000000e+03,7.362482090261281975e-01,9.326710549423205876e+00,-1.486747858713024506e-01,9.327895468146927271e+00,3.682037739450952927e+02,-5.869445283865697860e+00,3.682505526612976041e+02
1.685000000000000000e+03,7.358112664688426507e-01,9.303798394862495158e+00,-1.513431747984592679e-01,9.305029249218080167e+00,3.672992383391319322e+02,-5.974789056262838294e+00,3.673478305213918702e+02
1.686000000000000000e+03,7.353748422301303878e-01,9.280551371351082324e+00,-1.536834682073905944e-01,9.281823762854296334e+00,3.663814826368901549e+02,-6.067180136777354349e+00,3.664317146400102843e+02
1.687000000000000000e+03,7.349389353882631593e-01,9.257010514696045078e+00,-1.557351619565177925e-01,9.258320425966187983e+00,3.654521268670981726e+02,-6.148177759401648679e+00,3.655038400912455359e+02
1.688000000000000000e+03,7.345035450236966357e-01,9.233212823192406660e+00,-1.575319622483521975e-01,9.234556586945283030e+00,3.645126316638979347e+02,-6.219112591674318402e+00,3.645656813304955790e+02
1.689000000000000000e+03,7.340686702190645230e-01,9.209191674791597393e+00,-1.591027889058586886e-01,9.210565943550292900e+00,3.635643147359944578e+02,-6.281126342443415389e+00,3.636185686919508839e+02
1.690000000000000000e+03,7.336343100591715682e-01,9.184977207482763362e+00,-1.604725805905968805e-01,9.186378924859306849e+00,3.626083658835092933e+02,-6.335203550604485478e+00,3.626637034674637903e+02
1.691000000000000000e+03,7.332004636309875645e-01,9.160596662061690765e+00,-1.616629452661946797e-01,9.162023036035652268e+00,3.616458605299541205e+02,-6.382197264369212419e+00,3.617021715173581242e+02
1.692000000000000000e+03,7.327671300236405783e-01,9.136074688696071533e+00,-1.626926889475287519e-01,9.137523167055171314e+00,3.606777718249434201e+02,-6.422849915446366964e+00,3.607349554584948805e+02
1.693000000000000000e+03,7.323343083284110655e-01,9.111433619826296848e+00,-1.635782481036142655e-01,9.112901867778099074e+00,3.597049814178846532e+02,-6.457810389623672265e+00,3.597629455236726699e+02
1.694000000000000000e+03,7.319019976387248771e-01,9.086693712420393254e+00,-1.643340453150572145e-01,9.088179592294043374e+00,3.587282890218211833e+02,-6.487648067561226917e+00,3.587869492079830138e+02
1.695000000000000000e+03,7.314701970501474859e-01,9.061873362708947610e+00,-1.649727834264023141e-01,9.063374915617549377e+00,3.577484208908265941e+02,-6.512864437460726741e+00,3.578076998236073791e+02
1.696000000000000000e+03,7.310389056603773250e-01,9.036989296423728391e+00,-1.655056901168966699e-01,9.038504725735231560e+00,3.567660373303241954e+02,-6.533902750332219789e+00,3.568258640815336094e+02
1.697000000000000000e+03,7.306081225692397929e-01,9.012056737357482916e+00,-1.659427222748543207e-01,9.013584393815058604e+00,3.557817393515616686e+02,-6.551156088370605701e+00,3.558420488111498798e+02
1.698000000000000000e+03,7.301778468786807030e-01,8.987089556806926893e+00,-1.662927376065056473e-01,8.988627925142345987e+00,3.547960745713833148e+02,-6.564974139801464936e+00,3.548568069189583412e+02
1.699000000000000000e+03,7.297480776927603996e-01,8.962100406194982938e+00,-1.665636393965375384e-01,8.963648093086280966e+00,3.538095424479469102e+02,-6.575668913798111248e+00,3.538706426773623548e+02
1.700000000000000000e+03,7.293188141176469852e-01,8.937100834908514813e+00,-1.667624991583079308e-01,8.938656558143847519e+00,3.528225989327697789e+02,-6.583519582517984858e+00,3.528840164243310369e+02
1.701000000000000000e+03,7.288900552616107698e-01,8.912101395145503702e+00,-1.668956609877476349e-01,8.913663973866805534e+00,3.518356606099306987e+02,-6.588776600829566732e+00,3.518973487452299764e+02
1.702000000000000000e+03,7.284618002350176091e-01,8.887111735345309071e+00,-1.669688307070301414e-01,8.888680081257282595e+00,3.508491083845477760e+02,-6.591665225563394515e+00,3.509110241994087573e+02
1.703000000000000000e+03,7.280340481503229100e-01,8.862140683578493494e+00,-1.669871523074351882e-01,8.863713793019991627e+00,3.498632907748774414e+02,-6.592388533355364899e+00,3.499253946463462626e+02
1.704000000000000000e+03,7.276067981220656344e-01,8.837196322098259671e+00,-1.669552737417245025e-01,8.838773268883935330e+00,3.488785268554866548e+02,-6.591130018025610049e+00,3.489407822192313802e+02
1.705000000000000000e+03,7.271800492668620830e-01,8.812286054102342447e+00,-1.668774037488957862e-01,8.813865983052419750e+00,3.478951088929073876e+02,-6.588055833929869820e+00,3.479574819877837513e+02
1.706000000000000000e+03,7.267538007033996772e-01,8.787416663620556179e+00,-1.667573610987154731e-01,8.788998784705619016e+00,3.469133047099016380e+02,-6.583316740055717986e+00,3.469757643467983712e+02
1.707000000000000000e+03,7.263280515524310754e-01,8.762594369326601296e+00,-1.665986174046970025e-01,8.764177952362413038e+00,3.459333598098666016e+02,-6.577049790211197511e+00,3.459958771622655149e+02
1.708000000000000000e+03,7.259028009367680667e-01,8.737824872971826196e+00,-1.664043344604340391e-01,8.739409242806537748e+00,3.449554992889232494e+02,-6.569379807004180449e+00,3.450180477028977180e+02
1.709000000000000000e+03,7.254780479812755756e-01,8.713113403050490646e+00,-1.661773968962554637e-01,8.714697935193010281e+00,3.439799295597510991e+02,-6.560420671075424259e+00,3.440424843813810298e+02
1.710000000000000000e+03,7.250537918128654447e-01,8.688464754230306397e+00,-1.659204408238573736e-01,8.690048870874402809e+00,3.430068399082447854e+02,-6.550276451943316758e+00,3.430693783266544301e+02
1.711000000000000000e+03,7.246300315604908837e-01,8.663883323015925342e+00,-1.656358790303167627e-01,8.665466489419690888e+00,3.420364039014507398e+02,-6.539042402623675976e+00,3.420989048058758044e+02
1.712000000000000000e+03,7.242067663551401413e-01,8.639373140055605305e+00,-1.653259231951574038e-01,8.640954861240427221e+00,3.410687806629840111e+02,-6.526805836724347998e+00,3.411312245124520928e+02
1.713000000000000000e+03,7.237839953298306206e-01,8.614937899451890146e+00,-1.649926035315266992e-01,8.616517717189042358e+00,3.401041160301675177e+02,-6.513646903847789993e+00,3.401664847345335829e+02
1.714000000000000000e+03,7.233617176196032172e-01,8.590580985393666325e+00,-1.646377861921284047e-01,8.592158475450128563e+00,3.391425436054234979e+02,-6.499639276749757499e+00,3.392048204166392225e+02
1.715000000000000000e+03,7.229399323615159911e-01,8.566305496389443164e+00,-1.642631887301775062e-01,8.567880266007676937e+00,3.381841857129647906e+02,-6.484850761713325973e+00,3.382463551255841026e+02
1.716000000000000000e+03,7.225186386946386152e-01,8.542114267349202095e+00,-1.638703938634651913e-01,8.543685952938330885e+00,3.372291542705515326e+02,-6.469343841932410299e+00,3.372912019305819626e+02
1.717000000000000000e+03,7.220978357600464914e-01,8.518009889733180628e+00,-1.634608617541830344e-01,8.519578154751425103e+00,3.362775515849331214e+02,-6.453176162299776308e+00,3.363394642062376647e+02
1.718000000000000000e+03,7.216775227008148663e-01,8.493994729961416468e+00,-1.630359409873157195e-01,8.495559262971799086e+00,3.353294710786279893e+02,-6.436400962816624549e+00,3.353912363661676750e+02
1.719000000000000000e+03,7.212576986620127251e-01,8.470070946255871647e+00,-1.625968784051703697e-01,8.471631459139080889e+00,3.343849979548241436e+02,-6.419067466844243341e+00,3.344466045341044378e+02
1.720000000000000000e+03,7.208383627906975732e-01,8.446240504067853649e+00,-1.621448279342251886e-01,8.447796730377820751e+00,3.334442098064291145e+02,-6.401221229574021621e+00,3.335056471585808708e+02
1.721000000000000000e+03,7.204195142359093307e-01,8.422505190226759808e+00,-1.616808585222977990e-01,8.424056883676014351e+00,3.325071771746399349e+02,-6.382904451374304955e+00,3.325684355766235285e+02
1.722000000000000000e+03,7.200011521486643362e-01,8.398866625931303176e+00,-1.612059612885240467e-01,8.400413558994440422e+00,3.315739640618164117e+02,-6.364156260060229719e+00,3.316350345312889090e+02
1.723000000000000000e+03,7.195832756819500187e-01,8.375326278691641591e+00,-1.607210559753906864e-01,8.376868241316477892e+00,3.306446284029374851e+02,-6.345012965609782007e+00,3.307055026473710768e+02
1.724000000000000000e+03,7.191658839907192347e-01,8.351885473319095254e+00,-1.602269967807074535e-01,8.353422271736052451e+00,3.297192224994576577e+02,-6.325508290400803091e+00,3.297798928691359492e+02
1.725000000000000000e+03,7.187489762318840514e-01,8.328545402050258062e+00,-1.597245776376338688e-01,8.330076857671484092e+00,3.287977934189910343e+02,-6.305673577658120088e+00,3.288582528635483300e+02
1.726000000000000000e+03,7.183325515643105286e-01,8.305307133883356840e+00,-1.592145370024797280e-01,8.306833082283926473e+00,3.278803833638961009e+02,-6.285537980468314245e+00,3.279406253920965355e+02
1.727000000000000000e+03,7.179166091488129453e-01,8.282171623196694199e+00,-1.586975622027313737e-01,8.283691913170942556e+00,3.269670300115179202e+02,-6.265128633432919258e+00,3.270270486540010211e+02
1.728000000000000000e+03,7.175011481481481379e-01,8.259139717712113082e+00,-1.581742933914795091e-01,8.260654210398813646e+00,3.260577668285735626e+02,-6.244470808782982552e+00,3.261175566033178370e+02
1.729000000000000000e+03,7.170861677270097267e-01,8.236212165860129275e+00,-1.576453271489602070e-01,8.237720733930855133e+00,3.251526233619154027e+02,-6.223588058562197212e+00,3.252121792421961004e+02
1.730000000000000000e+03,7.166716670520231203e-01,8.213389623597866063e+00,-1.571112197672073774e-01,8.214892150503366963e+00,3.242516255076926655e+02,-6.202502344299789527e+00,3.243109428923298196e+02
1.731000000000000000e+03,7.162576452917388536e-01,8.190672660725876852e+00,-1.565724902496621884e-01,8.192169039995775393e+00,3.233547957607295871e+02,-6.181234155430346711e+00,3.234138704464411376e+02
1.732000000000000000e+03,7.158441016166281479e-01,8.168061766745807972e+00,-1.560296230540030860e-01,8.169551901337367639e+00,3.224621534457766074e+02,-6.159802617576410455e+00,3.225209816014689181e+02
1.733000000000000000e+03,7.154310351990766925e-01,8.145557356296517781e+00,-1.554830706032963028e-01,8.147041157988619275e+00,3.215737149321196853e+02,-6.138225591684721927e+00,3.216322930749624902e+02
1.734000000000000000e+03,7.150184452133794277e-01,8.123159774203122296e+00,-1.549332555878084605e-01,8.124637163031882992e+00,3.206894938329086813e+02,-6.116519764898147749e+00,3.207478188060545108e+02
1.735000000000000000e+03,7.146063308357347710e-01,8.100869300169987852e+00,-1.543805730774066853e-01,8.102340203902839377e+00,3.198095011904296143e+02,-6.094700733949881766e+00,3.198675701422508837e+02
1.736000000000000000e+03,7.141946912442396211e-01,8.078686153146081850e+00,-1.538253924623248226e-01,8.080150506791344611e+00,3.189337456484408904e+02,-6.072783081781836678e+00,3.189915560131690313e+02
1.737000000000000000e+03,7.137835256188830302e-01,8.056610495388387250e+00,-1.532680592382042462e-01,8.058068240737663146e+00,3.180622336125916831e+02,-6.050780448015220969e+00,3.181197830922511685e+02
1.738000000000000000e+03,7.133728331415419843e-01,8.034642436246908659e+00,-1.527088966496577271e-01,8.036093521447819299e+00,3.171949693998471957e+02,-6.028705593835846699e+00,3.172522559473882211e+02
1.739000000000000000e+03,7.129626129959746317e-01,8.012782035692554317e+00,-1.521482072051359158e-01,8.014226414849598967e+00,3.163319553777638475e+02,-6.006570461798660610e+00,3.163889771813047105e+02
1.740000000000000000e+03,7.125528643678160634e-01,7.991029307607703913e+00,-1.515862740745775872e-01,7.992466940409141962e+00,3.154731920943961541e+02,-5.984386231004755530e+00,3.155299475624930778e+02
1.741000000000000000e+03,7.121435864445719854e-01,7.969384222857001987e+00,-1.510233623801708891e-01,7.970815074225891195e+00,3.146186783995261749e+02,-5.962163368058590152e+00,3.146751661473969648e+02
1.742000000000000000e+03,7.117347784156141666e-01,7.947846712155048898e+00,-1.504597203895299828e-01,7.949270751922689726e+00,3.137684115578762771e+02,-5.939911674172717149e+00,3.138246303945084037e+02
1.743000000000000000e+03,7.113264394721743322e-01,7.926416668745728700e+00,-1.498955806196824170e-01,7.927833871345908001e+00,3.129223873548835968e+02,-5.917640328751448742e+00,3.129783362709634957e+02
1.744000000000000000e+03,7.109185688073393905e-01,7.905093950907066791e+00,-1.493311608594423967e-01,7.906504295089652246e+00,3.120806001955889997e+02,-5.895357929752543136e+00,3.121362783521949495e+02
1.745000000000000000e+03,7.105111656160457700e-01,7.883878384294131791e+00,-1.487666651170321264e-01,7.885281852856642182e+00,3.112430431971304756e+02,-5.873072531097787596e+00,3.112984499151358477e+02
1.746000000000000000e+03,7.101042290950744240e-01,7.862769764131654959e+00,-1.482022844991525146e-01,7.864166343667568171e+00,3.104097082753044674e+02,-5.850791677377331190e+00,3.104648430254409845e+02
1.747000000000000000e+03,7.096977584430451680e-01,7.841767857266866315e+00,-1.476381980271338212e-01,7.843157537929508649e+00,3.095805862256084993e+02,-5.828522436070008972e+00,3.096354486191449951e+02
1.748000000000000000e+03,7.092917528604117949e-01,7.820872404092542141e+00,-1.470745733952772138e-01,7.822255179373506451e+00,3.087556667991602808e+02,-5.806271427481470404e+00,3.088102565791551797e+02
1.749000000000000000e+03,7.088862115494567462e-01,7.800083120349148302e+00,-1.465115676760230523e-01,7.801458986870249745e+00,3.079349387738431005e+02,-5.784044852583114071e+00,3.079892558069309985e+02
1.750000000000000000e+03,7.084811337142856713e-01,7.779399698814411401e+00,-1.459493279761705231e-01,7.780768656132274863e+00,3.071183900210077695e+02,-5.761848518918586848e+00,3.071724342896849294e+02
1.751000000000000000e+03,7.080765185608223211e-01,7.758821810888099080e+00,-1.453879920479980992e-01,7.760183861310544273e+00,3.063060075680371028e+02,-5.739687864729866362e+00,3.063597791634125542e+02
1.752000000000000000e+03,7.076723652968035516e-01,7.738349108079010108e+00,-1.448276888587866906e-01,7.739704256492451862e+00,3.054977776570500509e+02,-5.717567981441124658e+00,3.055512767720317697e+02
1.753000000000000000e+03,7.072686731317741060e-01,7.717981223400725455e+00,-1.442685391219449831e-01,7.719329477107874204e+00,3.046936858000032657e+02,-5.695493634626720869e+00,3.047469127228907269e+02
1.754000000000000000e+03,7.068654412770809525e-01,7.697717772682253212e+00,-1.437106557926614847e-01,7.699059141249441574e+00,3.038937168304341299e+02,-5.673469283578758571e+00,3.039466719388909155e+02
1.755000000000000000e+03,7.064626689458688436e-01,7.677558355799139811e+00,-1.431541445307584481e-01,7.678892850912657941e+00,3.030978549520622209e+02,-5.651499099579823771e+00,3.031505387074446389e+02
1.756000000000000000e+03,7.060603553530750975e-01,7.657502557830212275e+00,-1.425991041331903797e-01,7.658830193161083599e+00,3.023060837844563480e+02,-5.629586982977341947e+00,3.023584967264748116e+02
1.757000000000000000e+03,7.056584997154239369e-01,7.637549950144852495e+00,-1.420456269384317016e-01,7.638870741221504446e+00,3.015183864059577559e+02,-5.607736579148171252e+00,3.015705291476499497e+02
1.758000000000000000e+03,7.052571012514220472e-01,7.617700091425177789e+00,-1.414937992048106163e-01,7.619014055513519956e+00,3.007347453940349737e+02,-5.585951293434612275e+00,3.007866186170316496e+02
1.759000000000000000e+03,7.048561591813530258e-01,7.597952528627374136e+00,-1.409437014646721387e-01,7.599259684617815758e+00,2.999551428632349825e+02,-5.564234305126211311e+00,3.000067473132996838e+02
1.760000000000000000e+03,7.044556727272727192e-01,7.578306797885962176e+00,-1.403954088561122915e-01,7.579607166186943523e+00,2.991795605008827010e+02,-5.542588580556102151e+00,2.992308969837083055e+02
1.761000000000000000e+03,7.040556411130038938e-01,7.558762425364646376e+00,-1.398489914338681139e-01,7.560056027802274592e+00,2.984079796006711831e+02,-5.521016885374450567e+00,2.984590489779178597e+02
1.762000000000000000e+03,7.036560635641315731e-01,7.539318928057014979e+00,-1.393045144608391628e-01,7.540605787780445546e+00,2.976403810942712767e+02,-5.499521796057256218e+00,2.976911842798310772e+02
1.763000000000000000e+03,7.032569393079977083e-01,7.519975814540246439e+00,-1.387620386815880402e-01,7.521255955932447002e+00,2.968767455810876754e+02,-5.478105710703733422e+00,2.969272835375616069e+02
1.764000000000000000e+03,7.028582675736960717e-01,7.500732585684671605e+00,-1.382216205790673114e-01,7.502006034278256408e+00,2.961170533562712421e+02,-5.456770859171465204e+00,2.961673270916464844e+02
1.765000000000000000e+03,7.024600475920679266e-01,7.481588735321978767e+00,-1.376833126157207543e-01,7.482855517719794847e+00,2.953612844370974813e+02,-5.435519312594718322e+00,2.954112950016123023e+02
1.766000000000000000e+03,7.020622785956964762e-01,7.462543750874407245e+00,-1.371471634600238410e-01,7.463803894674604145e+00,2.946094185878077383e+02,-5.414352992327891023e+00,2.946591670709934760e+02
1.767000000000000000e+03,7.016649598189020898e-01,7.443597113947439503e+00,-1.366132181994394734e-01,7.444850647672756061e+00,2.938614353430067467e+02,-5.393273678352674239e+00,2.939109228708959449e+02
1.768000000000000000e+03,7.012680904977375285e-01,7.424748300888096786e+00,-1.360815185407007466e-01,7.425995253919101202e+00,2.931173140297036639e+02,-5.372283017184892984e+00,2.931665417621946972e+02
1.769000000000000000e+03,7.008716698699829495e-01,7.405996783310927256e+00,-1.355521029982563463e-01,7.407237185823000836e+00,2.923770337880766306e+02,-5.351382529314035352e+00,2.924260029164457251e+02
1.770000000000000000e+03,7.004756971751412431e-01,7.387342028593512744e+00,-1.350250070716567663e-01,7.388575911497345494e+00,2.916405735910356611e+02,-5.330573616206181420e+00,2.916892853355880106e+02
1.771000000000000000e+03,7.000801716544324815e-01,7.368783500343377035e+00,-1.345002634126003516e-01,7.370010895228774395e+00,2.909079122626545768e+02,-5.309857566898712911e+00,2.909563678705057441e+02
1.772000000000000000e+03,6.996850925507900332e-01,7.350320658837946830e+00,-1.339779019823130468e-01,7.351541597920771665e+00,2.901790284955400807e+02,-5.289235564213422336e+00,2.902272292385213177e+02
1.773000000000000000e+03,6.992904591088550115e-01,7.331952961439075267e+00,-1.334579501998693907e-01,7.333167477511118193e+00,2.894539008671969214e+02,-5.268708690611980217e+00,2.895018480398762222e+02
1.774000000000000000e+03,6.988962705749717230e-01,7.313679862983671676e+00,-1.329404330820443958e-01,7.314887989365311149e+00,2.887325078554490574e+02,-5.248277933717081289e+00,2.887802027732622605e+02
1.775000000000000000e+03,6.985025261971830046e-01,7.295500816151761825e+00,-1.324253733752188966e-01,7.296702586647244360e+00,2.880148278529696881e+02,-5.227944191519847905e+00,2.880622718504549198e+02
1.776000000000000000e+03,6.981092252252252273e-01,7.277415271813260311e+00,-1.319127916798438493e-01,7.278610720668445389e+00,2.873008391809722184e+02,-5.207708277293481736e+00,2.873480336101018793e+02
1.777000000000000000e+03,6.977163669105233001e-01,7.259422679354694985e+00,-1.314027065679207462e-01,7.260611841217149198e+00,2.865905201021079733e+02,-5.187570924231216019e+00,2.866374663307130959e+02
1.778000000000000000e+03,6.973239505061866739e-01,7.241522486987055807e+00,-1.308951346939321858e-01,7.242705396868336365e+00,2.858838488326198899e+02,-5.167532789825670214e+00,2.859305482429014091e+02
1.779000000000000000e+03,6.969319752670039003e-01,7.223714142035676744e+00,-1.303900908996197261e-01,7.224890835275717293e+00,2.851808035537869728e+02,-5.147594460005314509e+00,2.852272575409094770e+02
1.780000000000000000e+03,6.965404404494381918e-01,7.205997091213353301e+00,-1.298875883129877173e-01,7.207167603446798410e+00,2.844813624227057289e+02,-5.127756453042985108e+00,2.845275723934686880e+02
1.781000000000000000e+03,6.961493453116226471e-01,7.188370780877489707e+00,-1.293876384418765069e-01,7.189535148001908738e+00,2.837855035824424590e+02,-5.108019223250011898e+00,2.838314709540250647e+02
1.782000000000000000e+03,6.957586891133556994e-01,7.170834657272221691e+00,-1.288902512624345020e-01,7.171992915418064385e+00,2.830932051715920466e+02,-5.088383164468946340e+00,2.831389313703672883e+02
1.783000000000000000e+03,6.953684711160964538e-01,7.153388166756329269e+00,-1.283954353027881301e-01,7.154540352258561775e+00,2.824044453332751345e+02,-5.068848613376727208e+00,2.824499317936899274e+02
1.784000000000000000e+03,6.949786905829595796e-01,7.136030756017681220e+00,-1.279031977221979921e-01,7.137176905388981751e+00,2.817192022236044977e+02,-5.049415852609629773e+00,2.817644503871216557e+02
1.785000000000000000e+03,6.945893467787114250e-01,7.118761872275104707e+00,-1.274135443859636119e-01,7.119902022180554901e+00,2.810374540196540352e+02,-5.030085113720403456e+00,2.810824653337529639e+02
1.786000000000000000e+03,6.942004389697647992e-01,7.101580963468104635e+00,-1.269264799363228058e-01,7.102715150701286895e+00,2.803591789269488572e+02,-5.010856579977247982e+00,2.804039548441819534e+02
1.787000000000000000e+03,6.938119664241745310e-01,7.084487478435343100e+00,-1.264420078595828167e-01,7.085615739895772869e+00,2.796843551865116524e+02,-4.991730389014055191e+00,2.797288971636133965e+02
1.788000000000000000e+03,6.934239284116330282e-01,7.067480867082345242e+00,-1.259601305496932389e-01,7.068603239754168044e+00,2.790129610814830130e+02,-4.972706635340171211e+00,2.790572705785289713e+02
1.789000000000000000e+03,6.930363242034656146e-01,7.050560580539072753e+00,-1.254808493684709814e-01,7.051677101470946063e+00,2.783449749433422653e+02,-4.953785372717967483e+00,2.783890534229547598e+02
1.790000000000000000e+03,6.926491530726256451e-01,7.033726071307837557e+00,-1.250041647026612635e-01,7.034836777593961976e+00,2.776803751577472212e+02,-4.934966616415539242e+00,2.777242240843466448e+02
1.791000000000000000e+03,6.922624142936906200e-01,7.016976793402211143e+00,-1.245300760180178129e-01,7.018081722164414060e+00,2.770191401700174652e+02,-4.916250345341683037e+00,2.770627610091147517e+02
1.792000000000000000e+03,6.918761071428570775e-01,7.000312202477245727e+00,-1.240585819105676224e-01,7.001411390848097049e+00,2.763612484902758410e+02,-4.897636504069771135e+00,2.764046427078062038e+02
1.793000000000000000e+03,6.914902308979363754e-01,6.983731755951601450e+00,-1.235896801552161528e-01,6.984825241058485013e+00,2.757066786982697408e+02,-4.879125004756589945e+00,2.757498477599634157e+02
1.794000000000000000e+03,6.911047848383500281e-01,6.967234913121922446e+00,-1.231233677518428216e-01,6.968322732072016024e+00,2.750554094478862339e+02,-4.860715728962126114e+00,2.750983548186759435e+02
1.795000000000000000e+03,6.907197682451252652e-01,6.950821135269934281e+00,-1.226596409690229039e-01,6.951903325136063572e+00,2.744074194713802513e+02,-4.842408529375635595e+00,2.744501426148425480e+02
1.796000000000000000e+03,6.903351804008908132e-01,6.934489885762618933e+00,-1.221984953855094064e-01,6.935566483569928664e+00,2.737626875833295230e+02,-4.824203231453284779e+00,2.738051899611584190e+02
1.797000000000000000e+03,6.899510205898720105e-01,6.918240630145830572e+00,-1.217399259295899455e-01,6.919311672859223883e+00,2.731211926843299693e+02,-4.806099634971894297e+00,2.731634757558414321e+02
1.798000000000000000e+03,6.895672880978864772e-01,6.902072836231686992e+00,-1.212839269164425055e-01,6.903138360744017099e+00,2.724829137644462662e+02,-4.788097515503684676e+00,2.725249789861117051e+02
1.799000000000000000e+03,6.891839822123401182e-01,6.885985974180142577e+00,-1.208304920835919505e-01,6.887046017301090117e+00,2.718478299064316843e+02,-4.770196625816048197e+00,2.718896787314390622e+02
1.800000000000000000e+03,6.888011022222221280e-01,6.869979516574900025e+00,-1.203796146245697390e-01,6.871034115020522748e+00,2.712159202887254423e+02,-4.752396697200378384e+00,2.712575541665666492e+02
