k_per_nm,integration_weight_nm_minus2
0,0
0.0018523814641067001,1.092222151921936e-06
0.0037047629282133,2.184444303843813e-06
0.0055571443923200002,3.2766664557658371e-06
0.0074095258564266997,4.3688886076876837e-06
0.0092619073205332993,5.4611107596095629e-06
0.01111428878464,6.553332911532207e-06
0.012966670248747,7.6455550634529918e-06
0.014819051712853,8.7377772153744288e-06
0.016671433176960002,9.8299993672991066e-06
0.018523814641067001,1.0922221519218477e-05
0.020376196105173001,1.2014443671139911e-05
0.022228577569280001,1.3106665823065468e-05
0.024080959033387001,1.4198887974983959e-05
0.025933340497493001,1.5291110126905394e-05
0.0277857219616,1.6383332278831835e-05
0.029638103425707,1.747555443074944e-05
0.031490484889813,1.8567776582670894e-05
0.033342866353920003,1.9659998734598203e-05
0.035195247818026999,2.0752220886514924e-05
0.037047629282133003,2.1844443038436361e-05
0.038900010746239999,2.2936665190364571e-05
0.040752392210347002,2.4028887342280411e-05
0.042604773674452999,2.5121109494201844e-05
0.044457155138560002,2.6213331646130935e-05
0.046309536602666998,2.7305553798045887e-05
0.048161918066773002,2.8397775949967328e-05
0.050014299530879998,2.9489998101897303e-05
0.051866680994987001,3.0582220253811378e-05
0.053719062459092998,3.1674442405732805e-05
0.055571443923200001,3.2766664557663671e-05
0.057423825387306997,3.3858886709576858e-05
0.059276206851413001,3.4951108861498291e-05
0.061128588315519997,3.6043331013430039e-05
0.062980969779627,3.7135553165342412e-05
0.064833351243733003,3.8227775317263853e-05
0.066685732707840006,3.9319997469196338e-05
0.068538114171946996,4.041221962110775e-05
0.070390495636052999,4.1504441773029333e-05
0.072242877100160002,4.2596663924962855e-05
0.074095258564267005,4.368888607687323e-05
0.075947640028372995,4.4781108228794657e-05
0.077800021492479998,4.587333038072923e-05
0.079652402956587001,4.696555253263888e-05
0.081504784420693005,4.8057774684560144e-05
0.083357165884799994,4.9149996836495408e-05
0.085209547348906997,5.0242218988404366e-05
0.087061928813013001,5.1334441140325807e-05
0.088914310277120004,5.2426663292261979e-05
0.090766691741227007,5.3518885444169657e-05
0.092619073205332997,5.4611107596091084e-05
0.09447145466944,5.5703329748028347e-05
0.096323836133547003,5.6795551899935347e-05
0.098176217597653007,5.788777405185657e-05
0.10002859906176,5.8979996203842223e-05
0.10188098052587,6.0072218355653996e-05
0.10373336198997,6.1164440507571012e-05
0.10558574345408001,6.2256662659661838e-05
0.10743812491819001,6.3348884811416603e-05
0.10929050638229,6.4441106963333619e-05
0.1111428878464,6.5533329115433526e-05
0.11299526931051,6.6625551267179427e-05
0.11484765077461,6.7717773419096442e-05
0.11670003223872,6.8809995571205186e-05
0.11855241370283,6.9902217722942508e-05
0.12040479516693001,7.0994439874859266e-05
0.12225717663103999,7.2086662026976602e-05
0.12410955809514999,7.3178884178705345e-05
0.12596193955925,7.427110633062209e-05
0.12781432102335999,7.5363328482748533e-05
0.12966670248747,7.6455550634468196e-05
0.13151908395157,7.7547772786385212e-05
0.13337146541568001,7.863999493852022e-05
0.13522384687979,7.9732217090230424e-05
0.13707622834388999,8.0824439242148049e-05
0.13892860980800001,8.1916661394291893e-05
0.14078099127211,8.3008883545993248e-05
0.14263337273620999,8.4101105697910873e-05
0.14448575420032,8.5193327850063567e-05
0.14633813566442999,8.6285550001756695e-05
0.14819051712853001,8.7377772153673737e-05
0.15004289859264,8.846999430583459e-05
0.15189528005674999,8.9562216457519532e-05
0.15374766152085001,9.0654438609436575e-05
0.15560004298496,9.1746660761606928e-05
0.15745242444907001,9.2838882913282396e-05
0.15930480591317001,9.3931105065198707e-05
0.16115718737727999,9.5023327217378601e-05
0.16300956884139001,9.611554936904522e-05
0.16486195030549,9.7207771520961518e-05
0.16671433176959999,9.8299993673150261e-05
0.16856671323371,9.9392215824808058e-05
0.17041909469781,0.00010048443797672509
0.17227147616192001,0.00010157666012892195
0.17412385762603,0.00010266888228057012
0.17597623909012999,0.00010376110443248791
0.17782862055424001,0.00010485332658469362
0.17968100201834999,0.00010594554873633293
0.18153338348244999,0.00010703777088825075
0.18338576494656,0.00010812999304046531
0.18523814641066999,0.00010922221519209657
0.18709052787477001,0.0001103144373440136
0.18894290933888,0.00011140665949623613
0.19079529080298999,0.00011249888164785941
0.19264767226709001,0.00011359110379977642
0.1945000537312,0.00011468332595200864
0.19635243519531001,0.00011577554810362226
0.19820481665941,0.00011686777025553839
0.20005719812351999,0.00011795999240778032
0.20190957958763001,0.0001190522145593851
0.20376196105173,0.0001201444367113012
0.20561434251583999,0.00012123665886355199
0.20746672397995,0.00012232888101514793
0.20931910544405,0.00012342110316706495
0.21117148690816001,0.00012451332531932368
0.21302386837227,0.00012560554747090982
0.21487624983636999,0.00012669776962282779
0.21672863130048001,0.00012778999177509535
0.21858101276458999,0.00012888221392667263
0.22043339422868999,0.00012997443607859062
0.2222857756928,0.00013106665823086705
0.22413815715690999,0.00013215888038243644
0.22599053862101001,0.00013325110253435346
0.22784292008512,0.0001343433246866387
0.22969530154923001,0.00013543554683819928
0.23154768301333001,0.00013652776899011529
0.23340006447743999,0.00013761999114241037
0.23525244594155001,0.00013871221329396212
0.23710482740565,0.0001398044354458781
0.23895720886975999,0.00014089665759818204
0.24080959033387001,0.00014198887974972496
0.24266197179797,0.00014308110190164089
0.24451435326207999,0.00014417332405395372
0.24636673472619,0.00014526554620548779
0.24821911619029,0.00014635776835740481
0.25007149765440001,0.00014744999050972542
0.25192387911851,0.00014854221266124952
0.25377626058260999,0.00014963443481316654
0.25562864204671998,0.0001507266569654982
0.25748102351083002,0.00015181887911701463
0.25933340497493002,0.00015291110126892935
0.26118578643904,0.0001540033234212676
0.26303816790314999,0.00015509554557277514
0.26489054936724998,0.00015618776772469446
0.26674293083136003,0.00015727998987704163
0.26859531229547001,0.00015837221202853798
0.27044769375957001,0.00015946443418045499
0.27230007522367999,0.00016055665633281092
0.27415245668778998,0.00016164887848430076
0.27600483815188998,0.00016274110063622022
0.27785721961600002,0.00016383332278858503
0.27970960108011,0.00016492554494006357
0.28156198254421,0.00016601776709198059
0.28341436400831999,0.00016710998924435421
0.28526674547242997,0.00016820221139582893
0.28711912693653002,0.00016929443354774597
0.28897150840064001,0.00017038665570012586
0.29082388986475,0.00017147887785158922
0.29267627132884999,0.00017257110000350621
0.29452865279295998,0.00017366332215590011
0.29638103425707002,0.00017475554430735468
0.29823341572117001,0.00017584776645926904
0.30008579718528,0.00017693998861166918
0.30193817864938999,0.00017803221076311484
0.30379056011348998,0.00017912443291503451
0.30564294157760002,0.00018021665506744354
0.30749532304171001,0.00018130887721887768
0.30934770450581001,0.00018240109937079469
0.31120008596991999,0.00018349332152321247
0.31305246743402998,0.00018458554367464046
0.31490484889812997,0.00018567776582656024
0.31675723036224002,0.00018676998797898691
0.31860961182635,0.00018786221013040327
0.32046199329045,0.00018895443228232031
0.32231437475455998,0.00019004665443475861
0.32416675621867003,0.00019113887658616898
0.32601913768277002,0.00019223109873808312
0.32787151914688001,0.00019332332089052744
0.32972390061099,0.00019441554304192889
0.33157628207508999,0.00019550776519384591
0.33342866353919998,0.00019659998734630199
0.33528104500331002,0.00019769220949769468
0.33713342646741001,0.00019878443164960874
0.33898580793152,0.00019987665380207073
0.34083818939562999,0.00020096887595345454
0.34269057085972998,0.00020206109810537456
0.34454295232384002,0.00020315332025784541
0.34639533378795001,0.00020424554240921737
0.34824771525205001,0.00020533776456113436
0.35010009671615999,0.000206429986713614
0.35195247818026998,0.00020752220886498016
0.35380485964436997,0.00020861443101690029
0.35565724110848002,0.00020970665316938884
0.35750962257259,0.000210798875320743
0.35936200403669,0.00021189109747266001
0.36121438550079998,0.00021298331962516049
0.36306676696491003,0.000214075541776509
0.36491914842901002,0.00021516776392842282
0.36677152989312001,0.00021625998608092899
0.36862391135722999,0.00021735220823226859
0.37047629282132999,0.0002184444303841856
0.37232867428543998,0.00021953665253670389
0.37418105574955002,0.00022062887468803473
0.37603343721365001,0.00022172109683994844
0.37788581867776,0.00022281331899247226
0.37973820014186999,0.00022390554114379424
0.38159058160596998,0.00022499776329571461
0.38344296307008002,0.00022608998544824735
0.38529534453419001,0.00022718220759955707
0.38714772599829,0.00022827442975147406
0.38900010746239999,0.00022936665190401558
0.39085248892650998,0.00023045887405531986
0.39270487039060997,0.00023155109620724034
0.39455725185472001,0.00023264331835979072
0.39640963331883,0.00023373554051108269
0.39826201478293,0.00023482776266299971
0.40011439624703998,0.00023591998481556242
0.40196677771115003,0.00023701220696684905
0.40381915917525002,0.00023810442911876252
0.40567154063936001,0.00023919665127133052
0.40752392210346999,0.00024028887342260829
0.40937630356756999,0.0002413810955745253
0.41122868503167997,0.00024247331772710582
0.41308106649579002,0.00024356553987837478
0.41493344795989001,0.00024465776203028811
0.416785829424,0.00024574998418287384
0.41863821088810999,0.00024684220633413391
0.42049059235220998,0.00024793442848605464
0.42234297381632002,0.00024902665063864925
0.42419535528043001,0.00025011887278989674
0.42604773674453,0.00025121109494181373
0.42790011820863999,0.00025230331709441713
0.42975249967274998,0.00025339553924566338
0.43160488113685003,0.00025448776139758042
0.43345726260096001,0.0002555799835501888
0.43530964406507,0.00025667220570142237
0.43716202552917,0.00025776442785333935
0.43901440699327998,0.00025885665000596433
0.44086678845739002,0.00025994887215718911
0.44271916992149002,0.00026104109430910219
0.44457155138560001,0.0002621333164617321
0.44642393284970999,0.00026322553861294799
0.44827631431380999,0.00026431776076486503
0.45012869577791997,0.00026540998291750773
0.45198107724203002,0.00026650220506871483
0.45383345870613001,0.00026759442722062787
0.45568584017024,0.00026868664937327539
0.45753822163434998,0.00026977887152447361
0.45939060309844998,0.00027087109367639466
0.46124298456256002,0.00027196331582905113
0.46309536602667001,0.00027305553798023644
0.46494774749077,0.00027414776013215343
0.46680012895487999,0.00027523998228481868
0.46865251041898998,0.0002763322044360034
0.47050489188309003,0.00027742442658792044
0.47235727334720001,0.00027851664874059036
0.47420965481131,0.00027960887089176206
0.47606203627540999,0.00028070109304367905
0.47791441773951998,0.0002817933151963662
0.47976679920363002,0.00028288553734752913
0.48161918066773002,0.00028397775949944189
0.48347156213184,0.00028506998165213365
0.48532394359594999,0.00028616220380328768
0.48717632506004999,0.00028725442595520467
0.48902870652415997,0.0002883466481079096
0.49088108798827002,0.00028943887025905486
0.49273346945237001,0.00029053109241096756
0.49458585091648,0.00029162331456367694
0.49643823238058998,0.0002927155367148133
0.49829061384468998,0.00029380775886673474
0.50014299530880002,0.00029489998101944862
0.50199537677290995,0.00029599220317057609
0.50384775823701,0.00029708442532250208
0.50570013970112004,0.00029817664747441608
0.50755252116521998,0.00029926886962633307
0.50940490262933003,0.00030036109177906608
0.51125728409343996,0.00030145331393099185
0.51310966555755,0.00030254553608211082
0.51496204702165005,0.0003036377582340188
0.51681442848575998,0.00030472998038594165
0.51866680994986003,0.00030582220253785869
0.52051919141396996,0.00030691442469060932
0.52237157287808,0.0003080066468417137
0.52422395434218005,0.00030909886899362153
0.52607633580628999,0.000310191091146381
0.52792871727040003,0.00031128331329746732
0.52978109873449997,0.00031237553544938431
0.53163348019861001,0.0003134677576021621
0.53348586166272005,0.00031455997975323016
0.53533824312681999,0.00031565220190514715
0.53719062459093003,0.00031674442405792434
0.53904300605503996,0.00031783664620899294
0.54089538751914001,0.00031892886836090999
0.54274776898324995,0.00032002109051369596
0.54460015044735999,0.00032111331266476532
0.54645253191146004,0.00032220553481667277
0.54830491337556997,0.00032329775696946758
0.55015729483968001,0.00032438997912051856
0.55200967630377995,0.00032548220127243555
0.55386205776788999,0.00032657442342524907
0.55571443923200003,0.00016383332278858747
